"","spp","Region","Type","bin","n","mean_ct","se_ct","conf_interval05","conf_interval95"
"1","ammspp","GB","BANK",1,1000,1.13196042390164,0.000943834975310652,1.0848693675931,1.19853159428622
"2","ammspp","GB","BANK",2,1000,1.10250985092181,0.00131923863947629,1.04388514777585,1.20180393685663
"3","ammspp","GB","BANK",3,1000,1.1151878592035,0.000911317578176797,1.07004114385502,1.18300869057076
"4","ammspp","GB","BANK",4,1000,1.97531778472996,0.000574779499919633,1.93448972189862,1.99979472284103
"5","ammspp","GB","BANK",5,1000,1.34494417255759,0.00224872052559681,1.21481902182708,1.48450607281414
"6","ammspp","MAB","MS",1,1000,1.50465660419152,0.00631133670391369,1.14157574201721,1.81559017501593
"7","ammspp","MAB","MS",2,1000,1.72210268754494,0.00409445902190742,1.40985573358331,1.90276739000299
"8","ammspp","MAB","MS",3,1000,1.25285665893202,0.00241729787090129,1.13024143214264,1.42578741319404
"9","ammspp","MAB","MS",4,1000,1.0925518421656,0.00144428317276218,1.03332745363309,1.20022498495466
"10","ammspp","MAB","MS",5,1000,1.96514644768378,0.00311244447556569,1.77913152129488,2.1464913196663
"11","ammspp","SNE","C",1,1000,1.43886397363618,0.0138043423102469,1.04739438062044,2
"12","ammspp","SNE","C",2,1000,2.08290327359089,0.0061820025696607,2,2.70817836079677
"13","ammspp","SNE","C",3,1000,1.45862207949879,0.00878931132871406,1.04515571197359,2.15271004118784
"14","ammspp","SNE","C",4,1000,1.47300651316705,0.010791959096655,1.0399245058765,1.99862795571565
"15","ammspp","SNE","C",5,1000,1.52053899306927,0.012772502752574,1.03453604185185,2.1012389061798
"16","ammspp","SNE","IS",1,1000,1.19261352155258,0.0028623319740011,1.08215845526997,1.39291153935215
"17","ammspp","SNE","IS",2,1000,1.61765783483347,0.00447314526768331,1.38808240541156,1.93831285927841
"18","ammspp","SNE","IS",3,1000,1.17614386948239,0.00192182433681873,1.08989315308269,1.31077458488367
"19","ammspp","SNE","IS",4,1000,1.31076313206483,0.00342020950076161,1.16227581442361,1.57429510989904
"20","ammspp","SNE","IS",5,1000,1.32661079749637,0.00525955132278136,1.09844966081273,1.76209473890159
"21","ammspp","SNE","MS",1,1000,1.11149893422584,0.00150902591494098,1.04412405990243,1.22565397668084
"22","ammspp","SNE","MS",2,1000,1.35273687824653,0.00233659484091343,1.22171845638686,1.49750228703888
"23","ammspp","SNE","MS",3,1000,1.20525028773919,0.00191611378200763,1.10822964664269,1.33761385212675
"24","ammspp","SNE","MS",4,1000,1.17317046472316,0.00192807505332032,1.08246354003699,1.32406610196128
"25","ammspp","SNE","MS",5,1000,1.46023016598004,0.00637537043683534,1.14052368677234,1.81772292194698
"26","auxspp","MAB","MS",1,1000,3.5913322556342,0.00795757534037273,3.19317819765535,4.04392872331515
"27","auxspp","MAB","MS",2,1000,4.00525655147992,0.000127558999957266,4,4.01503275585314
"28","auxspp","MAB","MS",3,1000,4.03612338673119,0.00067230432341886,4.00541898439984,4.08597073042978
"29","auxspp","MAB","MS",4,1000,3.62989669925527,0.00655575461823857,3.1408837889579,3.93792044510709
"30","auxspp","MAB","MS",5,1000,4.01666870114602,0.000374802366116839,4.00221424774669,4.04748260722067
"31","auxspp","MAB","SB",1,999,3.48543831181329,0.0130273940079658,3.05430890616368,4.07692818177028
"32","auxspp","MAB","SB",2,1000,3.99563691515879,0.000477082628597497,3.95564401914266,4.01758244803735
"33","auxspp","MAB","SB",3,1000,4.05175628625122,0.00116080789808235,4.00562124955424,4.14592711621091
"34","auxspp","MAB","SB",4,1000,3.98511222094244,0.000609514184874021,3.93981423856293,4
"35","auxspp","MAB","SB",5,1000,3.98839975356245,0.000362618534193711,3.95764060796034,4
"36","auxspp","SNE","IS",1,1000,4.01624499633227,0.000439371765361228,4,4.04543647427182
"37","auxspp","SNE","IS",2,1000,4.0213061646677,0.00121499829424444,4,4.09757832233258
"38","auxspp","SNE","IS",3,1000,4,0,4,4
"39","auxspp","SNE","IS",4,953,4,0,4,4
"40","auxspp","SNE","IS",5,1000,4,0,4,4
"41","auxspp","SNE","MS",1,997,4,0,4,4
"42","auxspp","SNE","MS",2,1000,4,0,4,4
"43","auxspp","SNE","MS",3,1000,4.00502409339227,0.000338054562470848,4,4.02935999577842
"44","auxspp","SNE","MS",4,1000,4,0,4,4
"45","auxspp","SNE","MS",5,1000,4,0,4,4
"46","auxspp","SNE","SB",1,947,4,0,4,4
"47","auxspp","SNE","SB",2,859,4,0,4,4
"48","auxspp","SNE","SB",4,639,4,0,4,4
"49","auxspp","SNE","SB",5,999,4,0,4,4
"50","benspp","GB","BANK",1,1000,2.37628044208313,0.00297700279153709,2.20730134501086,2.57595196476645
"51","benspp","GB","BANK",2,1000,2.30125149809262,0.00429686903547169,2.07114112935717,2.598485610992
"52","benspp","GB","BANK",3,1000,2.37945822729892,0.011188720285591,2,3.26314239032908
"53","benspp","GB","BANK",4,1000,2.78062810905776,0.00688932315870313,2.26504000355121,3.17436032865973
"54","benspp","GB","BANK",5,1000,2.17524140502217,0.00249035172447321,2.07126723354186,2.38311497569422
"55","benspp","GB","SB",1,1000,2.52571803451085,0.00447007648711589,2.23116084127232,2.76900826223865
"56","benspp","GB","SB",2,1000,2.47786371610464,0.00605547746351834,2.16031146901569,2.85890298277847
"57","benspp","GB","SB",3,1000,2.21863212801141,0.00498713958811077,2.0283717119271,2.66348022983441
"58","benspp","GB","SB",4,1000,2.26413449899712,0.00441283497000306,2.04278130945667,2.57123845553368
"59","benspp","GB","SB",5,1000,2.44153853341097,0.00302449161082109,2.26355031922014,2.63553928567185
"60","benspp","GOM","MS",1,1000,2.16264446420323,0.00585835609628987,1.96883043565409,2.69994557802883
"61","benspp","GOM","MS",2,956,3,6.57286310267646e-18,3,3
"62","benspp","GOM","MS",3,999,2.6497330483989,0.00796708542860801,2,3
"63","benspp","GOM","MS",4,992,3.16720959520483,0.0220031227537361,2.03316910607739,4.81024916238976
"64","benspp","GOM","MS",5,998,2.70002488990788,0.0089281392645774,2.11222399804764,3
"65","benspp","MAB","SB",1,1000,2.73926946390411,0.00301231100526369,2.52247251028378,2.90311781023278
"66","benspp","MAB","SB",2,1000,2.87987471187555,0.00354291444893798,2.62551908331107,3.03651905708921
"67","benspp","MAB","SB",3,1000,2.71306025540884,0.0050991531164956,2.37467625008747,3.00651521217415
"68","benspp","MAB","SB",4,1000,2.25291121389112,0.00319678439491711,2.0931025028738,2.47549208862133
"69","benspp","MAB","SB",5,1000,2.48729544073768,0.00413825961240626,2.24148326782509,2.75110370857896
"70","benspp","SNE","MS",1,1000,2.43324220909457,0.00492820548507302,2.1955855142554,2.77804595892847
"71","benspp","SNE","MS",2,1000,2.79177966080719,0.00383998845276,2.52050945210368,2.98676705266471
"72","benspp","SNE","MS",3,1000,2.54142232112137,0.00688203505409777,2.10674556877962,2.92734149870592
"73","benspp","SNE","MS",4,1000,2.28500950508268,0.0110359574717693,2.0114457628224,3.10520332436994
"74","benspp","SNE","MS",5,1000,2.71054653544361,0.00490953558940898,2.40178702454079,2.98640706405456
"75","benspp","SNE","SB",1,1000,2.44169526580752,0.00434996774811782,2.21430649998661,2.75939261152069
"76","benspp","SNE","SB",2,1000,2.72585697874715,0.00478664550816901,2.41259998444546,3
"77","benspp","SNE","SB",3,1000,2.07101221466337,0.00263754615848402,1.96246925129527,2.27646037045485
"78","benspp","SNE","SB",4,997,2.52728782182454,0.012749717056615,1.88337315908814,3.27660287530014
"79","benspp","SNE","SB",5,1000,2.87465233606868,0.00256114912446538,2.66746548079907,2.99187737606776
"80","botspp","GB","BANK",1,1000,3.77996468893812,0.00400028466667682,3.47626992550224,3.94108264650251
"81","botspp","GB","BANK",2,866,5,1.13347809708732e-17,5,5
"82","botspp","GB","BANK",3,983,5.62004093833793,0.00900346999332273,5,6
"83","botspp","GB","BANK",4,1000,5.22844520175658,0.0048947954230532,5,5.58407513461298
"84","botspp","GB","BANK",5,1000,5.18627103640468,0.0149349797535057,4.36146939636203,5.78564661685053
"85","botspp","GB","SB",1,1000,4.59631539390985,0.0107162740562882,3.97430054690622,5.31317368689642
"86","botspp","GB","SB",2,951,4,0,4,4
"87","botspp","GB","SB",3,996,4.86533717053583,0.00489457982173116,4.46629808149946,5
"88","botspp","GB","SB",4,998,4.77723110029816,0.0102012128366493,3.93055480917626,5.1840885635165
"89","botspp","GB","SB",5,1000,4.8412711541653,0.00480564814815238,4.52153617088822,5
"90","botspp","MAB","MS",1,1000,4.63422888745913,0.00862081148865072,4.11425247716353,5.04290464824408
"91","botspp","MAB","MS",2,949,5.39151485320393,0.0110686478995537,5,6
"92","botspp","MAB","MS",3,1000,4.83354307038927,0.00459699621838216,4.54499788712159,5.10403664729856
"93","botspp","MAB","MS",4,1000,4.55458246426853,0.00827317928099337,4.06669756737876,5.08611293462725
"94","botspp","MAB","MS",5,1000,5.27475285315068,0.00461410113457845,4.94664548080554,5.53891679190296
"95","botspp","MAB","SB",1,1000,4.22822693980738,0.00624141359988371,3.95893599163654,4.72479234308979
"96","botspp","MAB","SB",2,987,4.79734094271541,0.0257582887233064,3,6
"97","botspp","MAB","SB",3,1000,5.3083027601225,0.0108106828709775,4.56975295311698,5.77836542722767
"98","botspp","MAB","SB",4,1000,5.04324723231917,0.0101259295034289,4.33138279915776,5.64190761139303
"99","botspp","MAB","SB",5,1000,5.08868484095565,0.00514601748559992,4.74288425631035,5.37477044033351
"100","botspp","SNE","MS",1,999,5.0517053748417,0.0129261801114221,4.19834902068545,5.80788232800291
"101","botspp","SNE","MS",2,994,4.88949555341308,0.0049421837384793,4.52556300961834,5
"102","botspp","SNE","MS",3,1000,4.61981283990161,0.00551256191301914,4.31499270795811,4.958510309247
"103","botspp","SNE","MS",4,1000,4.97900519229005,0.0034189354659185,4.78293273489849,5.20183846089126
"104","botspp","SNE","MS",5,1000,4.83537977983589,0.00264859108932251,4.67396469184427,5.00110215674372
"105","botspp","SNE","SB",1,1000,4.89216877553162,0.00690821388043867,4.33797507742889,5.29795162821952
"106","botspp","SNE","SB",2,618,3,0,3,3
"107","botspp","SNE","SB",3,1000,4.75730730677816,0.00739283286097636,4.33572810562905,5.19863839873951
"108","botspp","SNE","SB",4,999,5.57929804319536,0.00833133327722926,5.06254696547456,6
"109","botspp","SNE","SB",5,1000,4.85019326953207,0.00513889088914631,4.53652808461567,5.16776674755915
"110","bretyr","MAB","IS",1,1000,5.26459437489995,0.0160436745034736,3.75681599333448,5.94445803115905
"111","bretyr","MAB","IS",2,1000,4.49459787857921,0.0134516113802165,3.5952496624365,5.22796681367592
"112","bretyr","MAB","IS",3,1000,5.22868959663294,0.00743353256760752,4.73129667721235,5.66512193841632
"113","bretyr","MAB","IS",4,1000,5.4006261975147,0.00617594542329807,4.98321624660437,5.73897224382073
"114","bretyr","MAB","IS",5,1000,4.97688016956262,0.0102098101245595,4.12891996546299,5.49924826411269
"115","bretyr","MAB","MS",1,1000,4.45592478775526,0.0175221492746462,3.50152587430447,5.53581920865041
"116","bretyr","MAB","MS",2,1000,5.17464257940688,0.010009590111471,4.49064654239984,5.75226360642242
"117","bretyr","MAB","MS",3,1000,5.50978993598945,0.00402944388190011,5.26842198972621,5.7410953771275
"118","bretyr","MAB","MS",4,1000,5.6609348370444,0.00637295067473954,5.26355429788955,5.96327598484051
"119","bretyr","MAB","MS",5,1000,5.58927256081507,0.00572295102514977,5.14658250704427,5.84173065605959
"120","bretyr","SNE","IS",1,1000,4.22105526538612,0.0198514076424694,2.75962148327585,5
"121","bretyr","SNE","IS",2,1000,5.58806462868192,0.00718871673907285,5.0237450129941,5.90701915990282
"122","bretyr","SNE","IS",3,1000,5.68231964223027,0.00793418464879404,5.16130462852381,5.98092816772998
"123","bretyr","SNE","IS",4,1000,5.14273883296831,0.00440984979443624,4.9987044528178,5.50590702942943
"124","bretyr","SNE","IS",5,1000,5.0689366056639,0.00474353655252672,4.76623252983213,5.36917339157211
"125","bretyr","SNE","MS",1,636,6,6.09202387660183e-18,6,6
"126","bretyr","SNE","MS",2,872,6,1.04926655346082e-17,6,6
"127","bretyr","SNE","MS",3,992,5.76233346133256,0.00755798894758059,5,6
"128","bretyr","SNE","MS",4,1000,5.53047985324681,0.0096071076644816,4.76972693517154,5.89775692179958
"129","bretyr","SNE","MS",5,1000,5.53656408207804,0.00500755627609081,5.18546739253209,5.81207669649844
"130","centstr","MAB","IS",1,1000,4.46087018779658,0.00931279672794665,4.04259998341866,4.99616317995208
"131","centstr","MAB","IS",2,1000,4.23049443760129,0.00450372725572687,4.05846527064216,4.60084380936699
"132","centstr","MAB","IS",3,1000,4.3670439145499,0.00691840055453212,4.0616934681267,4.85798506478893
"133","centstr","MAB","IS",4,1000,4.14629301004257,0.00598928820258411,3.86493215805561,4.64451622622117
"134","centstr","MAB","IS",5,1000,4.10522142030222,0.00310313049699018,4.01834954872937,4.38467669010329
"135","centstr","MAB","MS",1,1000,4.21586802033694,0.00283183250043151,4.08275576282761,4.42501090174844
"136","centstr","MAB","MS",2,1000,4.43204864507005,0.00429946107049567,4.17419132776648,4.68374229324187
"137","centstr","MAB","MS",3,1000,4.38190498915152,0.00299203970353852,4.22103570521504,4.57695409256289
"138","centstr","MAB","MS",4,1000,4.24628120774981,0.00516747803895413,3.98346186801173,4.67451704894258
"139","centstr","MAB","MS",5,1000,4.61400719628429,0.00282554752555743,4.42481955217864,4.77565575552427
"140","centstr","SNE","C",1,627,5,0,5,5
"141","centstr","SNE","C",2,1000,4.10932921187263,0.0043762904834138,4,4.48852377757058
"142","centstr","SNE","C",3,865,4.32802129861943,0.0143772759824195,4,5
"143","centstr","SNE","C",4,940,4,0,4,4
"144","centstr","SNE","C",5,995,4.18711595321249,0.00707426045387654,4,5
"145","centstr","SNE","IS",1,1000,4.36714396132147,0.00596334267417258,4.07874812340101,4.77620539771035
"146","centstr","SNE","IS",2,998,4.71562011339272,0.00888494973112722,4.12825753497522,5
"147","centstr","SNE","IS",3,1000,4.04130554082252,0.00273996858834556,4,4.25198956425422
"148","centstr","SNE","IS",4,1000,4.25609420717229,0.0054660426422533,4.05440473893726,4.82394620645944
"149","centstr","SNE","IS",5,1000,4.14310522528402,0.00242219299761069,4.03713841122028,4.3369507610944
"150","cermad","GB","BANK",1,1000,4.27716440838082,0.00757176563035142,3.87933972769046,4.76421415195481
"151","cermad","GB","BANK",2,1000,4.53141713561319,0.0115820085070581,3.7400529606071,5.02949804751699
"152","cermad","GB","BANK",3,1000,5.96531777729669,0.00143386341160627,5.84780625025101,6
"153","cermad","GB","BANK",4,1000,5.04873911391482,0.00825627446166675,4.46685298383125,5.55133675617578
"154","cermad","GB","BANK",5,1000,5.16888064055961,0.0123636774870122,4.43843486045297,5.74224896893831
"155","cermad","GB","SB",1,1000,4.06245742080456,0.00212144718490138,3.95895743020192,4.21806999638183
"156","cermad","GB","SB",2,1000,4.06091868253031,0.00609663265599788,3.70138104919424,4.4469806677418
"157","cermad","GB","SB",3,1000,4.54485830852183,0.01103115909532,4.08453750345486,5.49090418408719
"158","cermad","GB","SB",4,1000,4.42583334025454,0.00713552215032955,4.00065113509205,4.85954705355823
"159","cermad","GB","SB",5,1000,4.43258630131212,0.00849989818650476,4.12179845807386,5.09517848600621
"160","cermad","MAB","SB",1,1000,4.82275389498422,0.00544400089778121,4.45867483413928,5.15987059904357
"161","cermad","MAB","SB",2,1000,4.75899527106955,0.0207360582443741,3.50580345772193,5.64174608606456
"162","cermad","MAB","SB",3,1000,4.38046506940792,0.00636529669998344,4.11079263821149,4.86443481097359
"163","cermad","MAB","SB",4,1000,4.21548624907352,0.00709086474384821,3.73716402836334,4.62284483523729
"164","cermad","MAB","SB",5,1000,4.31670750180401,0.00926661807272507,3.68675362841303,4.8437285157832
"165","cermad","SNE","MS",1,1000,4.52221043205231,0.0174483811041916,3.58455820767432,5.4156335365013
"166","cermad","SNE","MS",2,1000,4.00084922318871,0.00676049342824276,3.60352506518682,4.46206818541268
"167","cermad","SNE","MS",3,1000,4.99784974652318,0.00437310610592483,4.72374116761074,5.27126476292881
"168","cermad","SNE","MS",4,1000,4.90106148362327,0.00382373221809725,4.62305024704454,5.10292204235482
"169","cermad","SNE","MS",5,1000,4.69860508797498,0.0121477182970595,4.19270922753007,5.48353313395352
"170","cermad","SNE","SB",1,1000,4.92936420567982,0.00239249172034917,4.74484863909518,5.03918197372079
"171","cermad","SNE","SB",2,1000,4.00998283080542,0.010384870270502,3.43034490772192,4.74935020617175
"172","cermad","SNE","SB",3,1000,4.98075855996989,0.00726854971443597,4.39345730633912,5.43732266828859
"173","cermad","SNE","SB",4,1000,4.97713943360384,0.0117628694668916,4.399703233779,5.74296887436642
"174","cermad","SNE","SB",5,1000,5.12996744439632,0.00581795285660942,4.72421126344236,5.44233406432648
"175","citarc","MAB","MS",1,1000,5.26774777620851,0.00266747562566644,5.11253868382458,5.44302032759948
"176","citarc","MAB","MS",2,1000,4.48748447570873,0.00383800382116659,4.26329554877134,4.74534405449394
"177","citarc","MAB","MS",3,1000,4.75320725230643,0.00292908189060446,4.58009258006479,4.94608366189579
"178","citarc","MAB","MS",4,1000,4.85639512333786,0.00248940176281832,4.68453965910272,5.00012229944037
"179","citarc","MAB","MS",5,1000,4.75928175086415,0.00312875811403463,4.56260283934427,4.94696853080911
"180","citarc","MAB","SB",1,1000,5.44643509325776,0.00615722699263901,5.07864081566774,5.80803144789432
"181","citarc","MAB","SB",2,1000,4.82322677670437,0.00248319060731805,4.64534136972726,4.95458253416385
"182","citarc","MAB","SB",3,1000,4.382529448068,0.00528247303570635,4.15981473492252,4.81210316242079
"183","citarc","MAB","SB",4,1000,4.84070795514774,0.00695049585070481,4.38312644760487,5.24595881665886
"184","citarc","MAB","SB",5,1000,4.93450921281289,0.00610402839166622,4.56474382722304,5.296980027545
"185","citarc","SNE","IS",1,1000,4.54010599138902,0.00495092857031014,4.24971244363294,4.85977772305033
"186","citarc","SNE","IS",2,1000,4.88514711366427,0.00190652565569507,4.75118092000605,4.98292362130432
"187","citarc","SNE","IS",3,1000,4.35732789886942,0.0039571344546378,4.17503427896074,4.68294388838422
"188","citarc","SNE","IS",4,1000,4.70588159898276,0.00382223528235442,4.51228153871897,5.03486106069974
"189","citarc","SNE","IS",5,1000,4.75628186087253,0.00235368809516377,4.59778195425566,4.89203716245591
"190","citarc","SNE","MS",1,1000,4.82446777905577,0.00209304407942754,4.67371736985038,4.92877183610688
"191","citarc","SNE","MS",2,1000,4.91866626837513,0.00288970374490772,4.7248865061238,5.08243587683915
"192","citarc","SNE","MS",3,1000,4.19357673771146,0.00189096384931123,4.09435906234156,4.3391469723757
"193","citarc","SNE","MS",4,1000,4.64993811749031,0.00320321105277081,4.44019258907159,4.82319331944183
"194","citarc","SNE","MS",5,1000,4.52360824823171,0.00215475036058302,4.3869830176259,4.66181108041532
"195","cluhar","GB","BANK",1,1000,5.2005649175098,0.00255227447616971,5.05256178707737,5.36446555183846
"196","cluhar","GB","BANK",2,1000,5.63738048753428,0.00399419660774357,5.38461235449477,5.86039402651639
"197","cluhar","GB","BANK",3,1000,5.49113934111237,0.00557762083539915,5.06384269203088,5.75072823470941
"198","cluhar","GB","BANK",4,1000,5.12544575047899,0.0014103449350403,5.05898260100125,5.23502547192436
"199","cluhar","GB","BANK",5,1000,5.11108683315396,0.00165746587153173,5.03652587425797,5.23368603646282
"200","cluhar","GB","SB",1,1000,5.26250274879329,0.00788425209126937,4.75956494205858,5.69013395313876
"201","cluhar","GB","SB",2,1000,5.39875578383425,0.013883494533386,4.13985347096014,5.94078302248429
"202","cluhar","GB","SB",3,1000,5.50191070143924,0.0197327718457995,3.87632467442248,6
"203","cluhar","GB","SB",4,1000,5.58929555307093,0.00558418952132053,5.21613095668023,5.97221248601676
"204","cluhar","GB","SB",5,1000,5.21031605325396,0.00716908020488972,5,5.8271738384163
"205","cluhar","GOM","IS",1,1000,5.20789124207745,0.00612094753106139,4.78181865496351,5.54313860732072
"206","cluhar","GOM","IS",2,1000,5.03711159909651,0.00185259544561481,4.92543476208499,5.16698102768574
"207","cluhar","GOM","IS",3,1000,5.55270795511428,0.00590250948907275,5.18397600661979,5.87955765543472
"208","cluhar","GOM","IS",4,1000,5.47321451812885,0.0112752856634831,5.10719207266999,5.98377437804518
"209","cluhar","GOM","IS",5,951,5.6579303928904,0.0288649244529614,3,6
"210","cluhar","GOM","MS",1,1000,5.34274570884311,0.00530804114705221,4.9848844050985,5.60711642334219
"211","cluhar","GOM","MS",2,1000,5.48077299226589,0.00798334131370841,4.86583598476306,5.81907048398142
"212","cluhar","GOM","MS",3,1000,5.38976439466671,0.0106907493707966,5.07653242150247,5.93221246369248
"213","cluhar","GOM","MS",4,1000,5.66597503527594,0.00616455869084727,5.29025897758594,5.94660602809767
"214","cluhar","GOM","MS",5,1000,5.38648281904917,0.00645264570996799,5.10300742081338,5.77494685245556
"215","cluhar","SNE","MS",1,1000,4.86157146948196,0.03038592608163,1.76635158538034,5.76778585698483
"216","cluhar","SNE","MS",2,1000,4.44103427942892,0.0297999783611966,2.16179257162313,5.79324072305295
"217","cluhar","SNE","MS",3,1000,5.61519762915804,0.0100615499474876,4.62318509138669,5.9037135422153
"218","cluhar","SNE","MS",4,1000,5.68443948597733,0.00752817113906935,5.00994163686512,5.93293880442757
"219","cluhar","SNE","MS",5,1000,4.64145844695343,0.025895954751814,1.73918008023619,5.08725078110304
"220","cycspp","GB","BANK",1,1000,3.71969267352936,0.0062057601885638,3.26349037640843,4.04337940269163
"221","cycspp","GB","BANK",2,1000,4.55530925185646,0.00832516461106397,3.99698953458467,5
"222","cycspp","GB","BANK",3,1000,6,1.96504229413733e-17,6,6
"223","cycspp","GB","BANK",4,950,5.23709603046398,0.00917397865729082,5,6
"224","cycspp","GB","BANK",5,1000,4.38079545574956,0.00625825566704632,4.12913047552309,4.89796762775823
"225","cycspp","GB","SB",1,999,4.00802438738843,0.00995091880598513,3.33488702090827,4.60870591831593
"226","cycspp","GB","SB",2,991,3.96535067325314,0.0079619853059868,3.42991373645529,4.4598963045701
"227","cycspp","GB","SB",3,995,5.14416150794474,0.0134388776662499,4.19862434182335,5.86286567706084
"228","cycspp","GB","SB",4,1000,4.63298568108088,0.00812925090649448,4.07958463357612,5.07106327315841
"229","cycspp","GB","SB",5,1000,4.56365500567812,0.00572135099989684,4.220252067181,4.90688027872285
"230","cycspp","MAB","SB",1,999,4.08711707024515,0.0130308583642158,3.25753835792675,4.84623539313769
"231","cycspp","MAB","SB",2,1000,4.16935657538488,0.00880419629290393,3.62452077538099,4.71547778034771
"232","cycspp","MAB","SB",3,1000,4.67498438445212,0.00782788314242333,4.238136997017,5.10578696110705
"233","cycspp","MAB","SB",4,1000,4.72376972560384,0.0062773787360547,4.29979797558666,5.06279774455746
"234","cycspp","MAB","SB",5,1000,4.45259762729109,0.00635317390333619,4.07011474431908,4.83736769613807
"235","cycspp","SNE","MS",1,1000,5.08267144228717,0.0159228226508402,4.06554260105692,5.83156452273196
"236","cycspp","SNE","MS",2,1000,4.3828101632609,0.01179705204286,3.50264898011433,4.93410287967474
"237","cycspp","SNE","MS",3,1000,4.83342806396668,0.0110930395981233,4.11217738325001,5.40159421254377
"238","cycspp","SNE","MS",4,1000,4.84250923312606,0.00641647778371318,4.37039115375084,5.1889050010436
"239","cycspp","SNE","MS",5,1000,4.88141691778544,0.00509705829406001,4.5648791886906,5.20583131267592
"240","cycspp","SNE","SB",1,1000,4.59494370711572,0.00830184359859652,4.14104025426522,5
"241","cycspp","SNE","SB",2,1000,4.67217260786773,0.00907215309508001,4.16649750093801,5.14389037946333
"242","cycspp","SNE","SB",3,980,4.98542215594074,0.0126531132937895,4.1459525353364,5.75878725106342
"243","cycspp","SNE","SB",4,1000,5.05303234495553,0.0119074270315034,4.3308593233143,5.88528287378603
"244","cycspp","SNE","SB",5,1000,4.62946181908852,0.00583338553927499,4.30453085233296,5
"245","cynreg","MAB","IS",2,1000,3.09134191491653,0.00452476618180714,3,3.36764015606159
"246","cynreg","MAB","IS",3,943,4.50152052335275,0.0126748573423135,4,5
"247","cynreg","MAB","IS",4,998,3.1154084570804,0.00917354164361482,3,3.97125706702895
"248","cynreg","MAB","IS",5,1000,3.7626743492184,0.0197703830799257,3.07516850468572,4.91389267088603
"249","cynreg","MAB","MS",2,858,3.67298373371924,0.0141400745945397,3,4
"250","cynreg","MAB","MS",3,633,5,4.21270528324262e-18,5,5
"251","cynreg","MAB","MS",4,979,4.06838673075931,0.0161770988363665,3,5
"252","cynreg","MAB","MS",5,665,4,0,4,4
"253","diaspp","GB","BANK",1,1000,4.171650408646,0.0176285130466158,3,5.22934433688526
"254","diaspp","GB","BANK",3,1000,6,1.71391366978902e-17,6,6
"255","diaspp","GB","BANK",4,947,5,1.11821118314366e-17,5,5
"256","diaspp","GB","BANK",5,1000,4.77307946360714,0.00707020577560801,4.28327904047348,5
"257","diaspp","GB","SB",1,1000,3.94042824957612,0.01946407088951,2.84126420032798,5.12733098661315
"258","diaspp","GB","SB",2,997,3.13982712706346,0.0147838043580511,2.49098012277372,4.17728531855956
"259","diaspp","GB","SB",3,1000,5.12274432652708,0.0100697708769001,4.50522997595191,5.66671506547736
"260","diaspp","GB","SB",4,1000,4.90344799516252,0.0141749233497313,3.91421249156836,5.38556554360098
"261","diaspp","GB","SB",5,1000,4.69456467379416,0.00613507526197787,4.31443076285472,5
"262","diaspp","MAB","MS",1,1000,4.84531138095604,0.0201598832583358,3.43813760204013,5.74644995424169
"263","diaspp","MAB","MS",2,994,4.14206724253251,0.039047902949408,1.20751142579218,6
"264","diaspp","MAB","MS",3,871,5,5.86122620897999e-18,5,5
"265","diaspp","MAB","MS",4,957,4.77931727857293,0.0287022054366667,3,6
"266","diaspp","MAB","MS",5,939,5.33032437308675,0.0108063060232404,5,6
"267","diaspp","MAB","SB",1,1000,5.04679759632719,0.00911285641107146,4.42014213125389,5.52108275137887
"268","diaspp","MAB","SB",2,1000,5.17269450156103,0.0139020423828439,4.07135553718233,5.85181056395897
"269","diaspp","MAB","SB",3,1000,4.80602422298146,0.00698083704892046,4.40737441128418,5.28812904839491
"270","diaspp","MAB","SB",4,1000,4.18550411240816,0.0103936752673517,3.5068945187258,4.79593928290376
"271","diaspp","MAB","SB",5,1000,3.9085933363793,0.0186113316028693,2.68609090780725,5.01771303254089
"272","diaspp","SNE","MS",1,999,4.21988407879476,0.0289501519994115,3.1157984866926,5.89569241453815
"273","diaspp","SNE","MS",2,996,3.80166737305896,0.021300274520375,3,5.37710063723019
"274","diaspp","SNE","MS",3,864,6,1.51169725086619e-17,6,6
"275","diaspp","SNE","MS",4,1000,5.07605040715512,0.0126711714192518,4.28213411255253,5.74673185147061
"276","diaspp","SNE","MS",5,1000,4.9714841640061,0.00100676591902164,4.89262442504674,5
"277","diaspp","SNE","SB",1,1000,4.74547487826824,0.00980181326054422,4.03959528727882,5.13462278259019
"278","diaspp","SNE","SB",2,975,3.04088787693868,0.0196063048441292,2,5
"279","diaspp","SNE","SB",3,999,4.68659703222678,0.0200294706466999,3.57465892280936,5.82829877701262
"280","diaspp","SNE","SB",4,999,5.55313444247869,0.0134293662583475,4.38312506484923,6
"281","diaspp","SNE","SB",5,1000,4.95970869853074,0.00137036496667123,4.85908348880062,5
"282","enccim","GOM","IS",1,1000,3.76542657560073,0.00861412603734704,3.39722111093771,4.44613233762458
"283","enccim","GOM","IS",2,1000,3.71885212726589,0.00652186396175255,3.36316729100727,4.18477647470947
"284","enccim","GOM","IS",3,1000,3.59840730828913,0.00454267249381516,3.31662740334136,3.91560226702566
"285","enccim","GOM","IS",4,1000,3.49743248652331,0.00716738700451405,3.1086754438896,3.92729549581925
"286","enccim","GOM","IS",5,1000,3.31009495189519,0.00380675448075703,3.02772258613854,3.52180508323873
"287","enccim","GOM","MS",1,1000,3.77170519128188,0.00402321651310512,3.53574252566201,4.02213863359462
"288","enccim","GOM","MS",2,1000,3.4940177472844,0.00916779334691005,3.09957352566845,4.19937608583696
"289","enccim","GOM","MS",3,1000,3.47546036120001,0.00609503684963768,3.17127451947402,3.91475401944431
"290","enccim","GOM","MS",4,1000,3.78999746198375,0.00646900795488193,3.3531687646794,4.19375090689124
"291","enccim","GOM","MS",5,1000,3.57197253157159,0.00534045547697894,3.29170435294002,3.94188240413544
"292","enccim","SNE","IS",1,1000,3.2250407825118,0.002198158290071,3.11309733495312,3.38502530880988
"293","enccim","SNE","IS",2,1000,3.17611513375363,0.00249143909990206,3.0568849205048,3.36953633237349
"294","enccim","SNE","IS",3,1000,3.24503743985697,0.0030751504726334,3.09828527083717,3.46493698803132
"295","enccim","SNE","IS",4,1000,3.0786604993444,0.00145056657065197,3.01551222981908,3.18931952878137
"296","enccim","SNE","IS",5,1000,3.38234804030379,0.00412177108060169,3.15332682227972,3.65043702669282
"297","enccim","SNE","MS",1,1000,3.1066556162138,0.00261707718820932,3.01327518555855,3.32698349225319
"298","enccim","SNE","MS",2,1000,3.25445953497278,0.00751805760949451,3.02334487203212,3.88102861840993
"299","enccim","SNE","MS",3,1000,3.0970058278309,0.00356428265286897,3.01108689280675,3.33898555102384
"300","enccim","SNE","MS",4,1000,3.12352946710297,0.00407629514098448,2.96240349726228,3.40804615133339
"301","enccim","SNE","MS",5,999,3,9.31868145956241e-18,3,3
"302","etrspp","MAB","IS",1,1000,4.72735735296535,0.00493237875972647,4.39488408262641,4.99067797803561
"303","etrspp","MAB","IS",2,1000,4.3777763358591,0.00426904336463734,4.15881641060373,4.67409368995485
"304","etrspp","MAB","IS",3,1000,4.26935028978535,0.00369879812098473,4.08460509245132,4.53156163780841
"305","etrspp","MAB","IS",4,1000,4.2399936794696,0.00578841048268035,3.92211216068334,4.63208688799202
"306","etrspp","MAB","IS",5,1000,4.45202485462115,0.00796750801107934,3.98099224492021,4.82855195564164
"307","etrspp","MAB","MS",1,1000,4.23969072932552,0.00713609573904207,3.82027682468727,4.64987483317144
"308","etrspp","MAB","MS",2,1000,4.28023425212,0.0022078107455832,4.15447409702332,4.42576740295777
"309","etrspp","MAB","MS",3,1000,4.3278007164003,0.00234363648750696,4.19202449030332,4.48139124664398
"310","etrspp","MAB","MS",4,1000,4.40428025908055,0.00438527009816297,4.1463141643944,4.69817064628623
"311","etrspp","MAB","MS",5,1000,4.59466391038046,0.00460190225760305,4.3071231331957,4.80516735298613
"312","etrspp","MAB","SB",1,1000,4.24906616590711,0.00723092441831804,3.9192417493964,4.93693511944966
"313","etrspp","MAB","SB",2,1000,4.61870496862017,0.00357844055441721,4.37788553604561,4.82641539582695
"314","etrspp","MAB","SB",3,1000,4.34907645162399,0.00525552726340351,4.10824324262808,4.78012386935323
"315","etrspp","MAB","SB",4,1000,4.31260211401146,0.00872110942242218,4.03798409361035,4.95823062592453
"316","etrspp","MAB","SB",5,1000,4.38964114256662,0.00895035149734843,4.05174879310048,5.12293204264857
"317","etrspp","SNE","IS",1,1000,4.51016919449271,0.00409497828669948,4.27165764628329,4.7691676846913
"318","etrspp","SNE","IS",2,1000,4.60970163945105,0.00689753043261486,4.19435264272601,4.93433560202274
"319","etrspp","SNE","IS",3,1000,4.46054348098493,0.00728493066754037,4.14329094874689,4.97287130191337
"320","etrspp","SNE","IS",4,1000,4.70758258321336,0.00450719888299801,4.43525255923319,5.02288624337413
"321","etrspp","SNE","IS",5,1000,4.39996698918457,0.00353620851355517,4.19117493413546,4.60891667130969
"322","etrspp","SNE","MS",1,1000,4.45369351806938,0.0102962305383529,4.09743645875905,5.27980486357976
"323","etrspp","SNE","MS",2,1000,4.74247274323345,0.0083286396932746,4.30346863506177,5.31860918878947
"324","etrspp","SNE","MS",3,1000,4.7495636111024,0.0109752459951705,4.19220047457663,5.47398834318404
"325","etrspp","SNE","MS",4,1000,4.77154665146101,0.0124482537947324,4.15551723707152,5.5645897077966
"326","etrspp","SNE","MS",5,1000,4.59167578408893,0.00982570249270299,4.0689163152301,5
"327","gadmor","GB","BANK",1,1000,1.75510936818758,0.00283736792925563,1.5737176307793,1.91712956760208
"328","gadmor","GB","BANK",2,1000,1.92306634461961,0.00151778576997154,1.82441092149075,2.00888433648259
"329","gadmor","GB","BANK",3,1000,1.67746075066564,0.00306252397091108,1.48312259417025,1.85321651048922
"330","gadmor","GB","BANK",4,1000,1.80368983965731,0.00228262747918864,1.66181137849594,1.94672192092361
"331","gadmor","GB","BANK",5,1000,1.97559232445031,0.00136498777650228,1.88972858945427,2.05678162281687
"332","gadmor","SNE","MS",1,1000,1.85135883388514,0.00221141674743264,1.69595702797807,1.97354017989909
"333","gadmor","SNE","MS",2,1000,1.95594474669527,0.00331792417417854,1.74010692568729,2.15438143606113
"334","gadmor","SNE","MS",3,1000,1.9570412564349,0.00145883356326356,1.85820197554878,2.03841088225028
"335","gadmor","SNE","MS",4,1000,1.81521584481412,0.00280520569057933,1.62627102963008,1.98452569674127
"336","gadmor","SNE","MS",5,1000,2.05267165676341,0.00337901389447424,1.82562823784158,2.2431580111192
"337","glycyn","GB","BANK",1,1000,3.29218288045844,0.0128792287161743,2.57413716180653,3.87922385534823
"338","glycyn","GB","BANK",2,1000,3.45034154782689,0.00555028081845197,3.12758695822083,3.80872559827081
"339","glycyn","GB","BANK",3,994,3.17227296543459,0.0115376682044826,2.47619419363284,4
"340","glycyn","GB","BANK",4,994,3.23546098274344,0.010000941988709,2.79296465796812,4
"341","glycyn","GB","BANK",5,1000,3.34653377189002,0.00770539359166943,2.87834697143331,3.838711895018
"342","glycyn","GOM","IS",1,1000,4.44864568513257,0.00851772127419433,3.8993342596285,4.86543462036264
"343","glycyn","GOM","IS",2,984,3.74775012563633,0.0079314591147506,3,4
"344","glycyn","GOM","IS",3,985,3.5114336700852,0.00939940394521293,3,4
"345","glycyn","GOM","IS",4,952,3.39214561213163,0.0118482638875566,3,4
"346","glycyn","GOM","IS",5,1000,3,7.2192060977138e-18,3,3
"347","glycyn","GOM","MS",1,1000,4.06118539579987,0.00823694957363377,3.53145238538571,4.52960310660913
"348","glycyn","GOM","MS",2,982,4.03718278497929,0.0122835553932787,3,5
"349","glycyn","GOM","MS",3,1000,3.31267141816013,0.00917082124290285,2.82751603677312,3.97614068285571
"350","glycyn","GOM","MS",4,1000,4.10714034840376,0.0120980210363663,3.35523245909578,4.79985081638323
"351","glycyn","GOM","MS",5,1000,4.0761971441074,0.015258242373608,3,5.00241218140227
"352","glycyn","MAB","MS",1,1000,2.83705181035555,0.00324161234524582,2.62828898065106,3
"353","glycyn","MAB","MS",2,1000,3.0072717371121,0.000769994911951743,2.96226318782153,3.06109026078348
"354","glycyn","MAB","MS",3,1000,2.91627820614177,0.00207267207165402,2.75540032844277,3
"355","glycyn","MAB","MS",4,1000,2.87483957913832,0.00400114008208051,2.5660412224022,3
"356","glycyn","MAB","MS",5,1000,2.71232601544181,0.00410421308440952,2.42911632197911,2.94809051319832
"357","glycyn","SNE","IS",1,1000,3,9.20271819122267e-18,3,3
"358","glycyn","SNE","IS",2,1000,3.02346678516351,0.000784883920287988,3,3.08439563911047
"359","glycyn","SNE","IS",3,1000,3,9.87531486274911e-18,3,3
"360","glycyn","SNE","IS",4,994,3,8.65601576142887e-18,3,3
"361","glycyn","SNE","IS",5,1000,3.20198014904155,0.0060166352641145,3,3.60287008305276
"362","glycyn","SNE","MS",1,1000,3.0861267078161,0.00255679639722137,2.98117220894383,3.28253487976958
"363","glycyn","SNE","MS",2,1000,2.99357473574773,0.000240535358153749,2.97460943927678,3
"364","glycyn","SNE","MS",3,1000,3,9.64268390764298e-18,3,3
"365","glycyn","SNE","MS",4,1000,3.02432511403961,0.000929252136132687,3,3.09515604670323
"366","glycyn","SNE","MS",5,1000,3.10640150475092,0.00948875169832397,2.5182384371166,3.65886231701737
"367","hipobl","GB","BANK",1,1000,4.1464534642178,0.00414024168543542,3.9993100181008,4.41894184450422
"368","hipobl","GB","BANK",2,1000,4.02891252492542,0.00161062570735518,3.91231537882883,4.11838214615284
"369","hipobl","GB","BANK",3,1000,4,0,4,4
"370","hipobl","GB","BANK",4,1000,4.04704313373575,0.00174288468198294,3.97118621377147,4.17860181338494
"371","hipobl","GB","BANK",5,1000,4.22243850947552,0.00422578418721191,4.03342428721721,4.50908707331207
"372","hipobl","MAB","MS",1,1000,4.48816717281855,0.00506324684509058,4.20411648531064,4.84139649339259
"373","hipobl","MAB","MS",2,1000,4.23692987048054,0.00545187355750051,3.88372902073322,4.54161145742951
"374","hipobl","MAB","MS",3,1000,4.34241632786521,0.00190428839208497,4.24554185859696,4.47451027199969
"375","hipobl","MAB","MS",4,1000,3.62666634820425,0.00415810647482015,3.39662307983788,3.91152665352544
"376","hipobl","MAB","MS",5,1000,4.4852603995012,0.00278777366667611,4.31734823437811,4.67060711406303
"377","hipobl","MAB","SB",1,1000,4.77375210825284,0.00419140204356134,4.55141871012217,5.08342514153301
"378","hipobl","MAB","SB",2,1000,4.46202624215306,0.0051143639487734,4.16202884272141,4.77747141750458
"379","hipobl","MAB","SB",3,1000,4.18749262507716,0.00283709262429997,4.05553126737798,4.39194574562588
"380","hipobl","MAB","SB",4,1000,4.31683090317587,0.00437063170840981,4.03189067399776,4.5631742292792
"381","hipobl","MAB","SB",5,1000,4.40321621969283,0.00314333810540381,4.2211710075766,4.60927161564828
"382","hipobl","SNE","IS",1,1000,4.17318204279265,0.00222735670403014,4.0624846492359,4.33559016020007
"383","hipobl","SNE","IS",2,1000,4.56168803692658,0.00560852980146816,4.22694296112465,4.87194208802788
"384","hipobl","SNE","IS",3,1000,4.19671164926863,0.00260962605150993,4.07355165074387,4.38283432870654
"385","hipobl","SNE","IS",4,1000,4.41667017937939,0.00443523503601809,4.17007665138562,4.70189448290831
"386","hipobl","SNE","IS",5,1000,4.25666076012126,0.00211707730807937,4.15152886253094,4.41662470597832
"387","hipobl","SNE","MS",1,1000,4.46173420209536,0.00374725559431618,4.24986734215066,4.71074950043444
"388","hipobl","SNE","MS",2,1000,4.26913659027478,0.00387552978447913,4.06530167884681,4.54712905018518
"389","hipobl","SNE","MS",3,1000,4.05941997155011,0.000900302000586479,4.01729462479837,4.12363089131357
"390","hipobl","SNE","MS",4,1000,4.22183210233133,0.00246299497364265,4.10506788188108,4.40806721602372
"391","hipobl","SNE","MS",5,1000,4.30176285236004,0.00177296368514919,4.20492973299166,4.41689140889693
"392","hipobl","SNE","SB",1,989,4.63016468407235,0.00993569599468387,4.11886319911024,5
"393","hipobl","SNE","SB",2,999,4.09075024069886,0.0086261719593199,3.5616648148892,4.66950765916494
"394","hipobl","SNE","SB",3,1000,4.04514159920431,0.00277370467283939,4,4.18173277696126
"395","hipobl","SNE","SB",4,612,5,5.62534975939094e-18,5,5
"396","hipobl","SNE","SB",5,1000,4.14752421794116,0.00525421177450145,4.002319447207,4.58384453600238
"397","hippla","GB","BANK",1,1000,2.29064503648533,0.00580249715571398,2.0473773323505,2.62009182838699
"398","hippla","GB","BANK",2,1000,2.62920607723109,0.00430199573454465,2.30095588809687,2.82624012278599
"399","hippla","GB","BANK",3,1000,2.04734421037941,0.000762843033679936,2.01059287673962,2.10242827799032
"400","hippla","GB","BANK",4,1000,2.10345666812851,0.00185365346671771,2.01087949842402,2.22914758941269
"401","hippla","GB","BANK",5,1000,2.16973693480722,0.00161298682237064,2.08980784129456,2.28399418490964
"402","hippla","GOM","IS",1,1000,3.56826777461541,0.00715585402115215,3.12677220381595,4.02489339936067
"403","hippla","GOM","IS",2,978,3.01862527435593,0.00862212829967417,2,4
"404","hippla","GOM","IS",3,1000,2.96672142370226,0.00383882208692609,2.71592143069749,3.1803853683287
"405","hippla","GOM","IS",4,1000,2.90882307539814,0.00288377021008311,2.77808112346666,3
"406","hippla","GOM","IS",5,1000,3.02619718849348,0.000656830567544033,3,3.05943520584741
"407","hippla","GOM","MS",1,1000,2.66503232398597,0.00635326727036856,2.2761160120094,3
"408","hippla","GOM","MS",2,979,2.99041571009918,0.00755388303673217,2.15733736628677,3.4131414501831
"409","hippla","GOM","MS",3,1000,2.83887596998253,0.00547805461488033,2.29017731978337,3
"410","hippla","GOM","MS",4,1000,2.97649527906294,0.00105837974427674,2.89582643816881,3
"411","hippla","GOM","MS",5,1000,2.98767617329543,0.00315150243802175,2.78247540897643,3.16234845364106
"412","hippla","SNE","MS",1,1000,2.05508287984144,0.00137967576883642,2,2.16183402669552
"413","hippla","SNE","MS",2,1000,2.83479374765619,0.00285206214088549,2.61609934381432,2.96790366066259
"414","hippla","SNE","MS",3,1000,2.32389627543451,0.00638380772869955,2,2.78146146916413
"415","hippla","SNE","MS",4,1000,2.23365893451806,0.00466406783245685,2.04806696125451,2.64574660503248
"416","hippla","SNE","MS",5,1000,2.25837173508268,0.00432078771232858,2.09055330741973,2.63632222991945
"417","leixan","MAB","IS",1,1000,2.81802549416773,0.0243910282781829,2.07299665736006,4.71700796287034
"418","leixan","MAB","IS",2,1000,2.95300462872659,0.00836378480523285,2.4419431205725,3.53124909799678
"419","leixan","MAB","IS",3,1000,2.81843045883093,0.017730757359707,2.04895084494037,3.98781422763942
"420","leixan","MAB","IS",4,1000,2.38146373425008,0.00980246125856732,1.88240434704605,3.12718029930653
"421","leixan","MAB","IS",5,1000,3.1484406967288,0.0179758579305814,2.04925747491407,3.99215645185006
"422","leixan","MAB","MS",1,1000,1.38758836530048,0.0143153443846415,1.02555144052539,2.60020095619146
"423","leixan","MAB","MS",2,1000,4.03819987177619,0.0153237050365917,3.01742438486595,4.85313768473635
"424","leixan","MAB","MS",3,1000,3.1350011546339,0.0196900987404326,2.1278573895706,4.51266248428637
"425","leixan","MAB","MS",4,1000,2.80149778143566,0.030248617118346,1.29558078595983,4.51920665001532
"426","leixan","MAB","MS",5,1000,4.39849750820403,0.0185164813811818,2.93899175888951,5
"427","limfer","GB","BANK",1,1000,2.96474115862978,0.00050179562730995,2.93117263626447,2.99246638920702
"428","limfer","GB","BANK",2,1000,3.02644356711054,0.000322167999950759,3.0118558619964,3.05102068701159
"429","limfer","GB","BANK",3,1000,2.83973017791194,0.00269996992223578,2.65154408149425,2.9850392400637
"430","limfer","GB","BANK",4,1000,2.86181209442508,0.00161531727685593,2.75163256512931,2.94609824678393
"431","limfer","GB","BANK",5,1000,2.85004230629244,0.00181857378425802,2.73629739902137,2.95747960986618
"432","limfer","SNE","IS",1,1000,2.98996094522217,0.000154730794393342,2.97775205803193,2.99718855590682
"433","limfer","SNE","IS",2,1000,3.00494284192834,8.67753793081028e-05,3.00041447442565,3.01098460756043
"434","limfer","SNE","IS",3,1000,2.9875126313848,0.000294602876341787,2.9652255828852,2.99917831586321
"435","limfer","SNE","IS",4,1000,2.98985407416627,0.000214620473957288,2.97312389546988,2.99799449862801
"436","limfer","SNE","IS",5,1000,3.00024800718423,0.00033416220764781,2.98052360279,3.02250484131126
"437","limfer","SNE","MS",1,1000,2.96841714543987,0.000708056199263907,2.91768233988825,3.00213064879635
"438","limfer","SNE","MS",2,1000,2.99892803234374,8.71914757732006e-05,2.99242038571293,3.00353146813193
"439","limfer","SNE","MS",3,1000,2.99815480617596,9.30663953345235e-05,2.99121829292045,3.00168202827337
"440","limfer","SNE","MS",4,1000,2.99647155288288,0.000270872678434276,2.97789415170348,3.01137557595809
"441","limfer","SNE","MS",5,1000,2.78572069496822,0.00346412731059283,2.55433782026126,2.99447066782158
"442","lopame","GB","BANK",1,1000,4.01113411870942,0.00549007553100104,3.6859584768093,4.40317064527658
"443","lopame","GB","BANK",2,1000,4.28809414442487,0.00289286485754404,4.11868161922198,4.48505966794579
"444","lopame","GB","BANK",3,1000,4.13479650908293,0.00541178875479932,4,4.58005889370149
"445","lopame","GB","BANK",4,607,4,0,4,4
"446","lopame","GB","BANK",5,1000,3.83114787757542,0.00360205494150047,3.58117647827504,4.00711848130352
"447","lopame","GOM","MS",1,1000,4.12886097158195,0.00345361217245716,4,4.38221931825643
"448","lopame","GOM","MS",2,1000,4,0,4,4
"449","lopame","GOM","MS",5,951,4.60093642108754,0.0388251365457972,3,6
"450","lopame","MAB","MS",1,1000,3.51699434910468,0.00622019452622266,3.19056245356743,3.95330001215637
"451","lopame","MAB","MS",2,1000,3.42199953663235,0.00471356769760699,3.1266849506425,3.69114267051361
"452","lopame","MAB","MS",3,998,4.04330897487415,0.0121760094054329,3.31624926424855,5
"453","lopame","MAB","MS",4,1000,3.18147610804583,0.00344934709330159,3,3.43091545572816
"454","lopame","MAB","MS",5,1000,3.78793823568539,0.00759058386711118,3.3758146153162,4.28058476203477
"455","lopame","SNE","IS",1,992,4.3434134394181,0.00878274367076939,4,5
"456","lopame","SNE","IS",2,1000,4.68225443791422,0.00683063214244817,4.27312501738847,5
"457","lopame","SNE","IS",3,998,4.50479432914374,0.00842655835629968,4.0543354829981,5
"458","lopame","SNE","IS",4,982,5,1.48968558272045e-17,5,5
"459","lopame","SNE","IS",5,1000,4.3481496383669,0.0039303253211528,4.13411547135785,4.61076548193276
"460","lopame","SNE","MS",1,1000,3.9545849398465,0.00838112413541368,3.41128105278641,4.50642188853056
"461","lopame","SNE","MS",2,1000,4.41354635482199,0.00675204936629408,3.97993342986311,4.81176929887414
"462","lopame","SNE","MS",3,1000,4.51098004601748,0.00820014167555337,4.09195878060822,5.06871992084623
"463","lopame","SNE","MS",4,994,5,1.19273071014731e-17,5,5
"464","lopame","SNE","MS",5,1000,4.12240936307628,0.00302953537602525,3.93774625368515,4.32109381235063
"465","lopame","SNE","SB",1,656,3,6.31912982254669e-18,3,3
"466","lopame","SNE","SB",2,997,3.33893479304508,0.0146166398613002,2.5714046167398,4.33493195769807
"467","lopame","SNE","SB",3,852,4,0,4,4
"468","lopame","SNE","SB",5,961,3.80268890711086,0.0230296040962366,2,5
"469","melaeg","GB","BANK",1,1000,2.11725058754965,0.000991549539242511,2.05898994364266,2.18040333221628
"470","melaeg","GB","BANK",2,1000,2.11927905463387,0.00192012905237669,1.99425003036297,2.23618783103624
"471","melaeg","GB","BANK",3,1000,1.88618305508797,0.00113407392535604,1.79848344406429,1.94827073245252
"472","melaeg","GB","BANK",4,1000,1.90720642318817,0.00144388218176184,1.81379319018376,1.99270673988506
"473","melaeg","GB","BANK",5,1000,1.95617283755575,0.00201747243530795,1.82027358006176,2.07301094911815
"474","melaeg","GOM","MS",1,1000,2.21009099700724,0.00331438701270536,2.05591719719036,2.46358467429943
"475","melaeg","GOM","MS",2,998,2.52424273170696,0.00723848255765176,2,3
"476","melaeg","GOM","MS",3,1000,1.98550474370541,0.00294052207163376,1.79619717189279,2.17229831103449
"477","melaeg","GOM","MS",4,1000,2.6541897044668,0.00439777032525685,2.38698291923216,2.91876083869669
"478","melaeg","GOM","MS",5,1000,2.24640290231442,0.0065835237590317,2.03125528178265,2.77635094201067
"479","melaeg","SNE","MS",1,1000,2.12235888395668,0.00254191180724942,1.97908608917187,2.28947390417207
"480","melaeg","SNE","MS",2,1000,2.43801058060011,0.00538654743614944,2.16920378844565,2.80890012167684
"481","melaeg","SNE","MS",3,1000,2.17662381550591,0.00367622697351925,2.02179878935564,2.45074727262636
"482","melaeg","SNE","MS",4,1000,2.07984682095754,0.00184043910971065,2.00022020393162,2.21073019941145
"483","melaeg","SNE","MS",5,1000,2.14872515841288,0.00243813235699868,2.05482884621563,2.35233222131514
"484","menspp","MAB","IS",1,1000,4.3404804749734,0.00443819003650802,4.14226047296205,4.76294999617745
"485","menspp","MAB","IS",2,1000,3.94335303790405,0.00484116243204431,3.6442769434756,4.24039868489775
"486","menspp","MAB","IS",3,1000,4.19511510272404,0.00287118143972636,4.05992506868985,4.39826745466909
"487","menspp","MAB","IS",4,1000,4.00377994245633,0.00468663095746807,3.71824946440038,4.29447772777007
"488","menspp","MAB","IS",5,1000,4.33161369815807,0.00441796661845634,4.09313424574567,4.65156300958635
"489","menspp","MAB","MS",1,1000,4.2677882451479,0.0117981864859371,3.52898788500631,5
"490","menspp","MAB","MS",2,1000,4.04136862064894,0.00544964074285051,3.71964421286153,4.44919767946281
"491","menspp","MAB","MS",3,1000,4.66787559421047,0.00632974021268641,4.21293230702405,4.93371567970473
"492","menspp","MAB","MS",4,1000,3.82988347633176,0.00481524620143068,3.43142794561774,3.99223205563091
"493","menspp","MAB","MS",5,1000,4.80699124552386,0.00498143903440775,4.38828269093983,4.97340215250675
"494","meralb","GB","BANK",1,999,4.03704928005521,0.0143273211328389,3.06151662204807,4.92221198051563
"495","meralb","GB","BANK",2,994,4.27039004679055,0.00855440080962504,4,4.93388036339781
"496","meralb","GB","BANK",3,864,5.48745954174007,0.0125678578710202,5,6
"497","meralb","GB","BANK",4,622,3,5.97830748730749e-18,3,3
"498","meralb","GB","BANK",5,1000,4.67662459746123,0.006749299474457,4.21605208132731,5
"499","meralb","MAB","SB",1,998,5.23401278624566,0.00746853441692748,5,5.7762832612398
"500","meralb","MAB","SB",2,1000,3.80133366653697,0.00618516317307069,3.39763719281308,4.15051254186379
"501","meralb","MAB","SB",3,993,5.26630763231847,0.00792614074486075,5,5.79658027440256
"502","meralb","MAB","SB",4,952,5.52514233183906,0.0123363820306316,5,6
"503","meralb","MAB","SB",5,999,5.19743206900068,0.0209528357261343,3.37405009503967,5.89978457930071
"504","meralb","SNE","IS",1,988,4.60539341720412,0.0106454370720258,4,5
"505","meralb","SNE","IS",2,868,5.49884588694111,0.013068198076556,5,6
"506","meralb","SNE","IS",3,875,3,8.37519505406083e-18,3,3
"507","meralb","SNE","IS",4,951,5.77761957952769,0.00889617332612302,5,6
"508","meralb","SNE","IS",5,980,4.61452549707565,0.014965570554852,3,5
"509","meralb","SNE","MS",1,1000,4.71605671842146,0.0188057555606179,3.45007930235441,5.84509689214465
"510","meralb","SNE","MS",2,1000,4.63733697722163,0.0192903118918324,3.5273759286784,5.69532530213742
"511","meralb","SNE","MS",3,982,5.82373127464883,0.0073544742649988,5,6
"512","meralb","SNE","MS",4,999,5.7330992960151,0.00616383579507802,5.24091644596676,6
"513","meralb","SNE","MS",5,1000,4.88693998396387,0.00834336856683985,4.36135975359955,5.41271805197752
"514","meralb","SNE","SB",1,1000,4.45345285244531,0.011139154727924,3.76514839886855,5.13852157536493
"515","meralb","SNE","SB",2,1000,4.09256833758052,0.0100564493216231,3.44289965423854,4.65384045256202
"516","meralb","SNE","SB",3,999,4.45048003893859,0.020763999737372,3.21166179421345,5.6123385718944
"517","meralb","SNE","SB",4,993,5.1343533619357,0.016667441690381,3.93941456773315,6
"518","meralb","SNE","SB",5,1000,3.97345980178098,0.00876958194365933,3.44689788471235,4.48400181267738
"519","merbil","GB","BANK",1,1000,4.12482109945022,0.00111133133689221,4.06337979548375,4.20296808770406
"520","merbil","GB","BANK",2,1000,4.18120331318362,0.00189766451370223,4.09046343474069,4.31865458007238
"521","merbil","GB","BANK",3,1000,4.04604972479569,0.000542251580924374,4.01992250744732,4.08701995734809
"522","merbil","GB","BANK",4,1000,4.11303638904294,0.00207552879234271,4.0059563854339,4.27621100817793
"523","merbil","GB","BANK",5,1000,4.08821496845132,0.000787173725587824,4.04968444436067,4.14635154375328
"524","merbil","GOM","IS",1,1000,4.39563212791639,0.00573098368971561,4.06778924655711,4.78524936895606
"525","merbil","GOM","IS",2,1000,4.18461252310244,0.00633848556323124,3.88079094645647,4.65507876288444
"526","merbil","GOM","IS",3,1000,3.98855372763182,0.00232086918368128,3.95867933567701,4.01077708527661
"527","merbil","GOM","IS",4,1000,3.99146816267702,0.00906702734532513,3.30867819258393,4.6139711048079
"528","merbil","GOM","IS",5,1000,4.16324107216969,0.0118222267198025,3.40697432225281,5.02039331067237
"529","merbil","GOM","MS",1,1000,4.17596796127124,0.00198767729448196,4.08453607611523,4.32921943129966
"530","merbil","GOM","MS",2,1000,4.45552495767516,0.00742396514506736,4.0238977926756,4.8519594887544
"531","merbil","GOM","MS",3,1000,4.03331782622922,0.00135735066255258,4.00341112616386,4.14779075089649
"532","merbil","GOM","MS",4,1000,4.60443162443013,0.00571103046259264,4.31403278965582,5.0021979291788
"533","merbil","GOM","MS",5,1000,4.33516324895581,0.00280738201311958,4.19032119521849,4.53307158849255
"534","merbil","SNE","IS",1,1000,5.44230213405136,0.00543976905186967,5.03708121152572,5.70586795984384
"535","merbil","SNE","IS",2,1000,5.09068453970023,0.00521336976771444,4.7807704093991,5.4121354507169
"536","merbil","SNE","IS",3,1000,4.25544574750673,0.00458622849470195,4.08418875941402,4.64798168310822
"537","merbil","SNE","IS",4,1000,5.45268014129588,0.00526380030295986,5.06575939668172,5.70978445543227
"538","merbil","SNE","IS",5,1000,4.72243902336243,0.00799227097310156,4.29562731770215,5.25135493654686
"539","merbil","SNE","MS",1,1000,4.92862025416996,0.00489397493526894,4.60998707142681,5.22173806415795
"540","merbil","SNE","MS",2,1000,4.68257761088104,0.0049444939117412,4.37102049404724,4.96789903220025
"541","merbil","SNE","MS",3,1000,4.38078755855382,0.00355178700133827,4.212188231436,4.63218566758692
"542","merbil","SNE","MS",4,1000,5.32705053557582,0.00681690184909919,4.89053984301214,5.70373860595835
"543","merbil","SNE","MS",5,1000,4.85538732038958,0.00427098333928415,4.60950148332171,5.13064761240529
"544","micund","MAB","IS",1,1000,4.99827716658632,0.00042570852584291,4.97026271604287,5.02669474996504
"545","micund","MAB","IS",2,1000,4.92018557041752,0.00263114295791708,4.73533829884481,5.05983471752186
"546","micund","MAB","IS",3,1000,4.91877524886217,0.00231376232383925,4.75613870241192,5.05511111632033
"547","micund","MAB","IS",4,1000,5.06180022173832,0.00150986992722303,4.98870358253019,5.17240474841436
"548","micund","MAB","IS",5,1000,4.87028632868433,0.00276882558140279,4.671238101783,5.01846362300413
"549","micund","MAB","MS",1,1000,5.0754474196002,0.00247278060116673,4.93428970912543,5.26610149249022
"550","micund","MAB","MS",2,1000,4.96406798580164,0.000793651607176425,4.90258745841128,4.99350440739164
"551","micund","MAB","MS",3,1000,5.11133417300003,0.00143870627603641,5.04037642857715,5.21601313504069
"552","micund","MAB","MS",4,1000,4.76532780929188,0.00940360304103655,4.31100287268483,5.2743205590876
"553","micund","MAB","MS",5,1000,5.02895035607273,0.00055887934637369,5.0032652071723,5.0724644806439
"554","myoaen","GB","BANK",1,1000,2.69318826211451,0.00289356027594206,2.50391541171014,2.86122235791913
"555","myoaen","GB","BANK",2,999,3,9.7441245178031e-18,3,3
"556","myoaen","GB","BANK",3,1000,2.14066766901457,0.00322055921210808,2,2.36843475317466
"557","myoaen","GB","BANK",4,1000,2.07150848313904,0.00274018131720166,2,2.28950169219339
"558","myoaen","GB","BANK",5,1000,2.46542586930849,0.00409756195674761,2.23835235865544,2.74478535575568
"559","myoaen","GOM","MS",1,951,2.69261754329777,0.00961312777246384,2,3
"560","myoaen","GOM","MS",3,995,2.16739197646467,0.00653368219581803,2,3
"561","myoaen","GOM","MS",4,875,2.31070454148373,0.0147581589041294,2,3
"562","myoaen","SNE","C",1,845,2.55868937475523,0.0129375556703203,2,3
"563","myoaen","SNE","C",2,857,3,2.88684704942799e-18,3,3
"564","myoaen","SNE","C",3,996,2.63723478636086,0.0122019859947497,2,3
"565","myoaen","SNE","C",4,997,2.15286680305752,0.0114237465754293,1.26619801924667,2.87284828163672
"566","myoaen","SNE","C",5,997,2.43506016729134,0.00893483694889985,2,3
"567","myoaen","SNE","IS",1,980,2.50692195555742,0.00973432084141573,2,3
"568","myoaen","SNE","IS",2,992,3,8.08697979140356e-18,3,3
"569","myoaen","SNE","IS",3,988,2.71882670498534,0.0102061133015716,2,3
"570","myoaen","SNE","IS",4,632,2,0,2,2
"571","myoaen","SNE","IS",5,999,2.45061231101553,0.00814219619382625,2.04014950100704,2.96786818508097
"572","myooct","GB","BANK",1,1000,2,0,2,2
"573","myooct","GB","BANK",2,1000,1.99974626852979,0.000665100754434546,1.9543254877595,2.03971408927719
"574","myooct","GB","BANK",3,1000,2.01087755629454,0.000619012761445618,1.9822076418661,2.05633684169396
"575","myooct","GB","BANK",4,1000,2.03026505774224,0.00111570489743407,1.97415379801471,2.1063853354594
"576","myooct","GB","BANK",5,1000,1.85643542187651,0.00931504100754039,1.35424111114097,2.42810180358065
"577","myooct","GOM","IS",1,999,2.1714000280076,0.00465977817222903,2,2.58723735379042
"578","myooct","GOM","IS",2,1000,1.91307377896809,0.00263853023424184,1.68715975558081,2
"579","myooct","GOM","IS",3,1000,1.46079006468325,0.00875755698069632,1,1.83760434038297
"580","myooct","GOM","IS",4,1000,1.80643951268367,0.0167925995580321,1,2.63709850271375
"581","myooct","GOM","IS",5,947,1.47975785012286,0.0206849248312996,1,3
"582","myooct","SNE","C",1,998,1.59046735495142,0.0105922611214404,1.10648454056476,2
"583","myooct","SNE","C",2,1000,2,0,2,2
"584","myooct","SNE","C",3,1000,1.1936011146601,0.00640577707687482,1.00944419624321,1.77899765505199
"585","myooct","SNE","C",4,999,1.46543532163022,0.00877398751273147,1.02123808021107,2
"586","myooct","SNE","C",5,996,1.69641277753993,0.00691614479756721,1.10669794247281,2
"587","myooct","SNE","IS",1,1000,1.44878600648574,0.00532414115715555,1.17569573076296,1.84792369318033
"588","myooct","SNE","IS",2,1000,1.83453869741381,0.00292818562588522,1.66356145679216,2
"589","myooct","SNE","IS",3,1000,1.66217932905426,0.00482552868834092,1.38216461193446,1.95722617380972
"590","myooct","SNE","IS",4,1000,1.75549852383381,0.00273381098607162,1.57650429260373,1.90539142660472
"591","myooct","SNE","IS",5,1000,1.98418663132513,0.00188510995940007,1.87026817694011,2.06619269042329
"592","parden","MAB","MS",1,1000,5.75391702538331,0.00253196887622628,5.57186711894788,5.87454022907555
"593","parden","MAB","MS",2,1000,5.58252051598644,0.00607661952919974,5.17436640431855,5.88199022489851
"594","parden","MAB","MS",3,1000,5.89572043953561,0.000976292843351863,5.82604564788597,5.94505086738222
"595","parden","MAB","MS",4,1000,5.94833637722224,0.00061964047647463,5.90303423935326,5.97990854321218
"596","parden","MAB","MS",5,1000,5.56940659331315,0.00309484135794736,5.36154964910083,5.74425930304157
"597","parden","SNE","IS",1,1000,5.55722028519947,0.00275504744250657,5.38898249491461,5.7343294883922
"598","parden","SNE","IS",2,1000,5.61717167477382,0.00355425463681489,5.39474911691135,5.85184398349421
"599","parden","SNE","IS",3,1000,5.56242693247187,0.00248162991964558,5.393444918414,5.70593106257814
"600","parden","SNE","IS",4,1000,5.77918771763767,0.00235943250309845,5.60845848247892,5.89903885689512
"601","parden","SNE","IS",5,1000,5.6672655924744,0.00335425217721454,5.4556198072743,5.8564171908734
"602","parden","SNE","MS",1,1000,5.89398697169656,0.00134628686765642,5.79712579082782,5.96346822247555
"603","parden","SNE","MS",2,1000,5.82440601974873,0.00371705684134662,5.54393610793716,5.97481831417987
"604","parden","SNE","MS",3,1000,5.59615908607387,0.00483900560407798,5.29038909136507,5.86976361615593
"605","parden","SNE","MS",4,1000,5.85251007991211,0.00292988746604371,5.63715383262874,5.9755547382013
"606","parden","SNE","MS",5,1000,5.55008247026688,0.0032037518377562,5.34008662852366,5.73977419083606
"607","pepspp","MAB","MS",1,1000,3.43508034267995,0.00467722131917036,3.22933853338491,3.80714507426069
"608","pepspp","MAB","MS",2,1000,3.53355764110869,0.00459188177039939,3.27717343851164,3.84656980066158
"609","pepspp","MAB","MS",3,1000,3.96408024869372,0.000937884352493513,3.90596460162062,4.018612752726
"610","pepspp","MAB","MS",4,1000,3.35301215476448,0.00287868589836478,3.18727992437443,3.53607436168158
"611","pepspp","MAB","MS",5,1000,4.27699208215381,0.00396149035207587,4.07763213160429,4.54429416337266
"612","pepspp","SNE","IS",1,1000,4.30819869695605,0.0042702327696155,4.13355525109264,4.66648196821431
"613","pepspp","SNE","IS",2,1000,4.13652934818222,0.00217969100856273,4.04476983955978,4.30739166700285
"614","pepspp","SNE","IS",3,1000,4.08250133251473,0.00137139647776507,4.0259708818149,4.18613685253736
"615","pepspp","SNE","IS",4,1000,4.02706542277138,0.00294274880461414,3.84700165605071,4.21419261502671
"616","pepspp","SNE","IS",5,1000,4.08074524565575,0.0012601807675876,4.01773375145135,4.17729129668345
"617","pepspp","SNE","MS",1,1000,4.44274878634004,0.00437422572117424,4.2036961710058,4.74558573620607
"618","pepspp","SNE","MS",2,1000,3.99542433149395,0.00254250234533294,3.8393510344625,4.14040275967303
"619","pepspp","SNE","MS",3,1000,4.03617196347685,0.000725880543512838,4.00407141644412,4.08887411621396
"620","pepspp","SNE","MS",4,1000,3.52728250785047,0.00725374967084731,3.21182686464596,4.07596808064718
"621","pepspp","SNE","MS",5,1000,4.00429593002439,0.000206438963319067,3.99025070489047,4.01623423070167
"622","phogun","GB","BANK",1,1000,1.82732584926144,0.00377158246299354,1.59693286124613,2
"623","phogun","GB","BANK",2,1000,2.07276240553096,0.00177578822387319,2,2.20726255980081
"624","phogun","GB","BANK",3,1000,2,0,2,2
"625","phogun","GB","BANK",4,987,2,0,2,2
"626","phogun","GOM","IS",1,997,2.14265717193063,0.00440989053214632,2,2.46368889077066
"627","phogun","GOM","IS",2,990,2,0,2,2
"628","phogun","GOM","IS",3,659,2,0,2,2
"629","phogun","GOM","IS",4,973,1.54026515542595,0.0172373432733531,1,3
"630","phogun","SNE","C",1,633,2,0,2,2
"631","phogun","SNE","C",2,611,2,0,2,2
"632","phogun","SNE","C",3,998,1.06758019074981,0.00424947463939715,1,1.37292386590487
"633","phogun","SNE","C",4,988,1.41139672586576,0.00951518928886119,1,2
"634","phogun","SNE","IS",1,994,1.32787516827431,0.00839900607391366,1,2
"635","phogun","SNE","IS",2,990,2,0,2,2
"636","phogun","SNE","IS",3,868,1.62206413991757,0.0134315821649319,1,2
"637","phogun","SNE","IS",4,1000,1.73243810835627,0.00526061974588067,1.36604022249184,2
"638","phogun","SNE","MS",1,628,2,0,2,2
"639","phogun","SNE","MS",3,955,2,0,2,2
"640","phogun","SNE","MS",4,857,2,0,2,2
"641","polvir","GB","BANK",1,1000,1.43455693875175,0.00220036157783389,1.31007268882021,1.58556770324861
"642","polvir","GB","BANK",2,1000,1.38646415113588,0.00284590243882687,1.22170958557347,1.56957778721456
"643","polvir","GB","BANK",3,1000,1.24870016966308,0.00240478095211245,1.12758620947167,1.42072150699059
"644","polvir","GB","BANK",4,1000,1.21038794841368,0.00230945305933605,1.08935924762458,1.37031834454946
"645","polvir","GB","BANK",5,1000,1.57724591486152,0.00476683675671383,1.27792816515158,1.8904731044105
"646","polvir","GOM","IS",1,983,3.24696924065697,0.0234063289296182,1,4
"647","polvir","GOM","IS",2,852,2.94439519891394,0.0680977814751051,1,6
"648","polvir","GOM","IS",3,1000,1.16062497989957,0.00545148973488196,1.00902434983548,1.50991308408014
"649","polvir","GOM","IS",4,1000,1.18828420891885,0.00598036589299726,1,1.70090399139997
"650","polvir","GOM","IS",5,950,1.47264364336352,0.0207495907852586,1,3
"651","polvir","GOM","MS",1,1000,1.49752381654643,0.00832627455240718,1.14138505004541,2.17612048752792
"652","polvir","GOM","MS",2,1000,1.19089767490862,0.00519312824637375,1.01610143860443,1.60355365461059
"653","polvir","GOM","MS",3,1000,1.2039286327817,0.00389545004958212,1.05226162772983,1.51205124259587
"654","polvir","GOM","MS",4,1000,1.16295423838605,0.00310924320625529,1.01668160212612,1.4015276886376
"655","polvir","GOM","MS",5,1000,1.16023123039602,0.00843673675998285,1.00406063073816,2.00775564177934
"656","polvir","SNE","IS",1,999,2.75532173077723,0.0175050363219678,1.7754401828501,3.94973826353362
"657","polvir","SNE","IS",2,1000,1.56786209681014,0.00601683975406002,1.26429724067893,2.03499917924073
"658","polvir","SNE","IS",3,994,1.39867025610883,0.0095243405338254,1,2
"659","polvir","SNE","IS",4,1000,1.34747573181816,0.00409225178178002,1.16473383069521,1.67579226919584
"660","polvir","SNE","IS",5,999,1.32196449912684,0.00679513788526782,1.04609857195478,2
"661","polvir","SNE","MS",1,1000,1.31733330370682,0.00298518180011902,1.15834317321914,1.53761293761323
"662","polvir","SNE","MS",2,1000,1.4916347492993,0.00418843251844006,1.26415110596019,1.76780368756436
"663","polvir","SNE","MS",3,1000,1.88359927642898,0.00192245383742389,1.74551101060144,1.97948046384596
"664","polvir","SNE","MS",4,1000,1.11374560055429,0.00259376802077418,1.02920518062644,1.34551524366579
"665","polvir","SNE","MS",5,1000,1.65174051810499,0.00622445215122618,1.30575922466887,2
"666","pomsal","MAB","MS",1,1000,3.84375861982355,0.00847725922029962,3.32051041393547,4.387747452228
"667","pomsal","MAB","MS",2,1000,3.19092219583783,0.00812800296471508,3.01016559812127,3.84670192369671
"668","pomsal","MAB","MS",3,1000,4.04622896867654,0.000934944245641115,4.009795044009,4.12811209645071
"669","pomsal","MAB","MS",4,1000,3.41087498242127,0.00646670057222529,3.08183035339632,3.83752962569564
"670","pomsal","MAB","MS",5,1000,4.0789113191948,0.00188901262848301,4.00631099587262,4.22159260098757
"671","prispp","GB","BANK",1,1000,4.00809513538788,0.00028943304795386,4,4.03153314706182
"672","prispp","GB","BANK",2,1000,4.20836413838035,0.00405660804132164,4.02020829793791,4.50826257967067
"673","prispp","GB","BANK",3,1000,4.08989274516034,0.00520069347277961,3.84274376242999,4.44792126748307
"674","prispp","GB","BANK",4,1000,4.02534397227664,0.000500283216602573,4.00386869515528,4.064584704264
"675","prispp","GB","BANK",5,1000,4.00302926021224,4.66097393477898e-05,4.00096914666992,4.00639391151755
"676","prispp","MAB","IS",1,1000,4.83364039200627,0.00255400954023776,4.63954294324524,4.96074500199712
"677","prispp","MAB","IS",2,1000,4.68692647328927,0.00457749994725791,4.40186027908104,4.93104278929435
"678","prispp","MAB","IS",3,1000,4.69357742720639,0.00366272099992336,4.46786431565858,4.91207593061643
"679","prispp","MAB","IS",4,1000,4.92899695515942,0.00164981026371115,4.7968433525513,4.9834261421523
"680","prispp","MAB","IS",5,1000,4.34537071038308,0.00451561656440955,4.14170464743381,4.69383954886975
"681","prispp","MAB","MS",1,1000,4.54196793377817,0.00465389009211619,4.28054211910116,4.84673666635478
"682","prispp","MAB","MS",2,1000,4.77491175533936,0.00251143838048179,4.57666053052957,4.90078985158814
"683","prispp","MAB","MS",3,1000,4.709668375871,0.00237907255111877,4.55259725624867,4.8387689266622
"684","prispp","MAB","MS",4,1000,4.34615834813931,0.00483275049265517,4.12972604609442,4.72905281746901
"685","prispp","MAB","MS",5,1000,4.71213169324858,0.00249898215529627,4.55431375994557,4.86152968835461
"686","prispp","SNE","IS",1,1000,4.76090448001592,0.00674965185467587,4.26472058672398,5.00152226921847
"687","prispp","SNE","IS",2,1000,4.8250747159218,0.0084966389932594,4.10998765922127,5.00002099880124
"688","prispp","SNE","IS",3,1000,4.90925998850164,0.00578526436437595,4.55590623953701,5.28473073720099
"689","prispp","SNE","IS",4,1000,4.82655275993695,0.00383789875719191,4.52897687066386,5.02062204745821
"690","prispp","SNE","IS",5,1000,4.40776489407769,0.006841773194407,4.10265311733038,4.78253181590981
"691","pseame","GB","BANK",1,1000,2.51241119463935,0.00177017104385454,2.40501192186308,2.62028636036902
"692","pseame","GB","BANK",2,1000,2.97255546085928,0.000414150282444277,2.94515917130416,2.99552799480876
"693","pseame","GB","BANK",3,1000,2.53561201509637,0.0027000120341121,2.37010861015011,2.71218341974234
"694","pseame","GB","BANK",4,1000,2.5746123621166,0.00276779342274559,2.39578351578474,2.72870751008746
"695","pseame","GB","BANK",5,1000,2.45757900835694,0.00182805274842741,2.34647064783301,2.57681054840895
"696","pseame","SNE","C",1,1000,2.5886113319896,0.00740944607409477,2,2.90135438356408
"697","pseame","SNE","C",2,1000,2.83217874043184,0.00325925753215561,2.53388110973739,2.95494137431515
"698","pseame","SNE","C",3,1000,2.2481556798321,0.00727094092119653,1.82138272266712,2.76959682371887
"699","pseame","SNE","C",4,1000,1.92854288458199,0.00701131881305107,1.54054152121616,2.35883194995846
"700","pseame","SNE","C",5,1000,2.58053693247253,0.00574213732242766,2.11407743822705,2.85984774473153
"701","pseame","SNE","IS",1,1000,2.7390715339478,0.00359659704337587,2.45812300840359,2.89344600946756
"702","pseame","SNE","IS",2,1000,2.84690065504084,0.00221157431060117,2.67782177847664,2.9439996361094
"703","pseame","SNE","IS",3,1000,2.70484031047355,0.00321937930925815,2.50354663732259,2.90676319586236
"704","pseame","SNE","IS",4,1000,2.45721320520188,0.00614477525574341,2.03513476664701,2.75482949395583
"705","pseame","SNE","IS",5,1000,2.59930473875133,0.00383905980337036,2.38373019870112,2.82631562264384
"706","pseame","SNE","MS",1,1000,2.83042977843077,0.00454707172201888,2.45155767952338,3
"707","pseame","SNE","MS",2,1000,2.99945797381676,0.00072642043986978,2.95774048210371,3.03939683670386
"708","pseame","SNE","MS",3,1000,2.83164522867851,0.00555778455971248,2.24562179596992,2.98092631248408
"709","pseame","SNE","MS",4,1000,2.57641533537412,0.00687157248483551,2.13461098648768,2.91416427508106
"710","pseame","SNE","MS",5,1000,2.49487209222768,0.00542427380113534,2.17884203746295,2.8244991763711
"711","scoaqu","GB","BANK",1,1000,3.90340742409225,0.00311985309716517,3.71318710255075,4.10172834870951
"712","scoaqu","GB","BANK",2,1000,4.28842799959311,0.00223929719105122,4.16946315907895,4.4378264015863
"713","scoaqu","GB","BANK",3,1000,4.20929496186836,0.0046026042232544,3.91014281292378,4.44956409725532
"714","scoaqu","GB","BANK",4,1000,3.85417780890571,0.00677159818965324,3.5106667212466,4.33087429616134
"715","scoaqu","GB","BANK",5,1000,3.90131036397564,0.00316041974116719,3.70451001114284,4.09787882536138
"716","scoaqu","MAB","MS",1,1000,4.23082220906226,0.0100062671779825,3.60937978006855,4.80265509800149
"717","scoaqu","MAB","MS",2,1000,4.26609268376025,0.0194018961540428,3.2042200041463,5.49194516726258
"718","scoaqu","MAB","MS",3,1000,5.14055673544181,0.00787902679029032,4.60472715981748,5.58595789270936
"719","scoaqu","MAB","MS",4,1000,5.66279007970464,0.00566177428704781,5.27287140882021,5.9287498916628
"720","scoaqu","MAB","MS",5,1000,4.83662888547943,0.00575946988203749,4.45091024250125,5.1593460770569
"721","scoaqu","SNE","C",1,1000,3.71455092186984,0.013976643335587,3.10383481122553,4.85970763640245
"722","scoaqu","SNE","C",2,1000,4.34851348978841,0.0118968160058327,3.65759524270698,5.07799633067799
"723","scoaqu","SNE","C",3,1000,4.45206803212873,0.0103005885767703,4.0595522437517,5.10460658727425
"724","scoaqu","SNE","C",4,1000,4.02170060714568,0.0246273328532738,3.19389667358724,5.51503106320226
"725","scoaqu","SNE","C",5,1000,3.74463775384093,0.0148078980163109,3.12130999663465,4.68144825688852
"726","scoaqu","SNE","IS",1,1000,3.73440971705486,0.0124549757896464,3.27926172996618,4.73634267850644
"727","scoaqu","SNE","IS",2,1000,4.81276675449605,0.00520709220551778,4.4578266395575,5.07553096388828
"728","scoaqu","SNE","IS",3,1000,5.1020531054057,0.0074313795167566,4.64399408077622,5.5286320459832
"729","scoaqu","SNE","IS",4,1000,4.88294986240641,0.00799256265567431,4.34158979104863,5.3795008198402
"730","scoaqu","SNE","IS",5,1000,4.40712107202123,0.00520577790406316,4.08201273960098,4.71591488303176
"731","scosco","GOM","IS",1,879,3,8.05648093957818e-18,3,3
"732","scosco","GOM","IS",2,866,3,7.71360580491334e-18,3,3
"733","scosco","GOM","IS",3,995,3,5.87338595180498e-18,3,3
"734","scosco","GOM","IS",4,625,3,1.42222370596101e-18,3,3
"735","scosco","GOM","IS",5,1000,3,7.61835388056987e-18,3,3
"736","scosco","SNE","C",1,985,3,7.78686577571346e-18,3,3
"737","scosco","SNE","C",2,978,3,8.25297409318476e-18,3,3
"738","scosco","SNE","C",3,868,3,6.14302179061956e-18,3,3
"739","scosco","SNE","C",4,640,3,0,3,3
"740","scosco","SNE","C",5,864,3,8.22863757820058e-18,3,3
"741","scosco","SNE","IS",1,1000,3,1.04484060667712e-17,3,3
"742","scosco","SNE","IS",2,1000,3,1.01025904764149e-17,3,3
"743","scosco","SNE","IS",3,1000,3,8.22876267478043e-18,3,3
"744","scosco","SNE","IS",4,866,3,7.96547616967295e-18,3,3
"745","scosco","SNE","IS",5,993,3,8.91528054786652e-18,3,3
"746","scosco","SNE","MS",1,1000,3,1.05424530222137e-17,3,3
"747","scosco","SNE","MS",2,1000,2.98813776366808,0.000748703765560016,2.92460896897409,3
"748","scosco","SNE","MS",3,971,3,8.44990698894445e-18,3,3
"749","scosco","SNE","MS",5,871,3,7.93613780333538e-18,3,3
"750","scosco","SNE","SB",1,656,3,2.14238565365538e-18,3,3
"751","scosco","SNE","SB",2,841,3,8.32067234706124e-18,3,3
"752","sebspp","GB","SB",1,1000,2.19917438881763,0.00402699800220806,2.04638148360826,2.56090060236815
"753","sebspp","GB","SB",2,1000,2.61629345040382,0.00442386374876342,2.35368847041026,2.90727490802289
"754","sebspp","GB","SB",3,1000,2.25690515874998,0.00586647875967861,2,2.70542799937065
"755","sebspp","GB","SB",4,1000,2.17519409345409,0.00509516809171244,2,2.54721590208524
"756","sebspp","GB","SB",5,1000,2.33173434070902,0.00470984843423184,2.09547630682597,2.62140945157512
"757","sebspp","GOM","BASIN",1,1000,3.29753533297101,0.0033934451926671,3.11964707762581,3.53700314112438
"758","sebspp","GOM","BASIN",2,1000,3.32141583809585,0.00346916657569435,3.15832514745556,3.58504666269581
"759","sebspp","GOM","BASIN",3,1000,3.398067406074,0.00371825801250705,3.18774403655767,3.65078282136138
"760","sebspp","GOM","BASIN",4,1000,3.24343494745687,0.00394954809058777,3.02000023412649,3.51649307965529
"761","sebspp","GOM","BASIN",5,1000,3.21054442879135,0.00290872249772887,3.04595641405455,3.40247758565061
"762","sebspp","GOM","MS",1,1000,3.19751517941472,0.00491115480357342,2.89209604527975,3.47499135490488
"763","sebspp","GOM","MS",2,1000,3.30460173533833,0.00272854650849922,3.15701059452625,3.49058688113393
"764","sebspp","GOM","MS",3,1000,3.1475615154129,0.00939339572997963,2.57818290553569,3.63226066237639
"765","sebspp","GOM","MS",4,1000,3.23010741999302,0.00319452766357699,3.04011269284253,3.44126501471316
"766","sebspp","GOM","MS",5,1000,3.21200199201043,0.00210492795306331,3.07203844106147,3.34031237942914
"767","syaspp","GB","BANK",5,1000,4.55521061219621,0.00698954729637773,4.1333534583421,4.92995668877607
"768","syaspp","GB","SB",4,640,5,0,5,5
"769","syaspp","GB","SB",5,1000,4.59872467870333,0.00441975909583859,4.3352012095395,4.88710873290983
"770","syaspp","MAB","MS",1,637,4,0,4,4
"771","syaspp","MAB","MS",2,641,5,5.54678339002511e-18,5,5
"772","syaspp","MAB","MS",4,667,5,8.10589637180383e-18,5,5
"773","syaspp","MAB","MS",5,1000,5.25155912316508,0.00521423446099126,5,5.59688653765139
"774","syaspp","MAB","SB",1,624,5,0,5,5
"775","syaspp","MAB","SB",2,626,3,8.57866035708465e-18,3,3
"776","syaspp","MAB","SB",4,876,6,1.35728375980328e-17,6,6
"777","syaspp","MAB","SB",5,1000,4.69418249996895,0.0093550119939619,4.23094979312284,5.35205496167322
"778","syaspp","SNE","MS",4,649,6,1.0784157207278e-17,6,6
"779","syaspp","SNE","MS",5,1000,4.91336661497342,0.00184371089599358,4.78494556593325,5
"780","syaspp","SNE","SB",1,622,5,3.50053842778328e-18,5,5
"781","syaspp","SNE","SB",4,616,5,0,5,5
"782","syaspp","SNE","SB",5,999,5,1.56108862887631e-17,5,5
"783","sypspp","MAB","IS",1,999,5,1.40362752335969e-17,5,5
"784","sypspp","MAB","IS",2,1000,4.04289228113184,0.0196548813168198,3.2163633895292,5.25114049886048
"785","sypspp","MAB","IS",3,1000,4.07472557638604,0.00215897965123658,4.00093768282127,4.22116432920477
"786","sypspp","MAB","IS",4,981,4.51385997774983,0.013587515358232,3,5
"787","sypspp","MAB","IS",5,1000,4.6056500311967,0.00700332970100187,4.14933350845211,4.94284156454315
"788","sypspp","MAB","MS",1,997,5.4692752518157,0.00860134910777757,5,5.93180589248421
"789","sypspp","MAB","MS",2,877,4.15469848950502,0.0262112352399353,3,5
"790","sypspp","MAB","MS",3,1000,4.0960045216384,0.00220504558323913,4,4.26642715534472
"791","sypspp","MAB","MS",4,942,4.60547911397281,0.0111424109483636,4,5
"792","sypspp","MAB","MS",5,1000,4.32857747740147,0.0056064093256743,4.07142891952942,4.76444563205496
"793","sypspp","MAB","SB",3,863,4,0,4,4
"794","sypspp","MAB","SB",5,998,4.3903254936811,0.0172118567806185,3.33317000104533,5.56269765455597
"795","tauads","GB","BANK",1,1000,3.98951897345317,0.000236425010314363,3.97141362396037,4.00096481422621
"796","tauads","GB","BANK",2,1000,4.00820042981543,0.000286517696772651,4,4.03001965726739
"797","tauads","GB","BANK",3,1000,3.98679137157206,0.00042970069146838,3.95480745290607,4
"798","tauads","GB","BANK",4,1000,3.98057486020481,0.000443225007379976,3.94822745028681,4
"799","tauads","GB","BANK",5,1000,3.98775006741034,0.00039535601448649,3.95894177645758,4
"800","tauads","GOM","IS",1,1000,3.91431805564739,0.00581753569959855,3.61041260733011,4.19654487498475
"801","tauads","GOM","IS",2,1000,3.91820932625133,0.00368226998416764,3.59900610989735,4
"802","tauads","GOM","IS",3,1000,3.72701970376989,0.006644819497097,3.27086595479627,3.96928540916933
"803","tauads","GOM","IS",4,995,3.37813498482294,0.0109890997383914,3,4
"804","tauads","GOM","IS",5,1000,3.01433451914051,0.000375589861164265,3,3.03586150880489
"805","tauads","GOM","MS",1,1000,3.90178126317649,0.00392085535891542,3.63266998932019,4.1045572460345
"806","tauads","GOM","MS",2,1000,3.55940380460967,0.00676894502380433,3.222389984025,4
"807","tauads","GOM","MS",3,1000,3.70265174527358,0.00762979452335104,3.21106238045265,3.99375930519343
"808","tauads","GOM","MS",4,1000,3.7257577771049,0.00454403294869953,3.44640076755497,4.02169798118305
"809","tauads","GOM","MS",5,1000,3.49327275423195,0.00530966914112155,3.20524844136016,3.83754851713351
"810","tauads","SNE","C",1,956,3.88130043099156,0.00908650582054684,3,4
"811","tauads","SNE","C",2,999,3.56215109897857,0.00962208909623214,3,4
"812","tauads","SNE","C",3,973,3.58872916263155,0.0146777171236637,3,4
"813","tauads","SNE","C",4,996,3.07404121604785,0.00368126881387585,3,3.35436196896002
"814","tauads","SNE","C",5,873,3.49353041835212,0.0131285560567665,3,4
"815","tauads","SNE","IS",1,1000,3.67857901325431,0.00668592173766326,3.29012832970414,4.07291402998212
"816","tauads","SNE","IS",2,1000,3.34491908881688,0.00891905082859925,3.04883201647118,3.98440185583305
"817","tauads","SNE","IS",3,1000,3.76933743215476,0.00642384228931501,3.35435828144577,4.03491382967443
"818","tauads","SNE","IS",4,1000,3.02775050043101,0.00105889397353024,3,3.12493835445599
"819","tauads","SNE","IS",5,1000,3.48218553728812,0.00550249364029676,3.17780186669344,3.85343020829237
"820","tauoni","GOM","IS",1,625,3,3.8949200278672e-18,3,3
"821","tauoni","GOM","IS",2,946,3.86983116424264,0.00917172521494491,3,4
"822","tauoni","GOM","IS",3,986,3.34057085956979,0.00962612583039802,3,4
"823","tauoni","GOM","IS",4,986,3.21641902097424,0.00857856887058965,3,4
"824","tauoni","GOM","IS",5,1000,3,5.67258848744593e-18,3,3
"825","tauoni","GOM","MS",1,861,4.41239867083696,0.0135400358894436,4,5
"826","tauoni","GOM","MS",2,875,3,5.67760905436863e-18,3,3
"827","tauoni","GOM","MS",3,863,3,6.15714255875304e-18,3,3
"828","tauoni","GOM","MS",4,869,3.33096279299893,0.0139013875946608,3,4
"829","tauoni","GOM","MS",5,993,3,5.31311623584914e-18,3,3
"830","tauoni","MAB","IS",2,1000,3.03103619780614,0.00165432083965423,3,3.17544918910354
"831","tauoni","MAB","IS",3,1000,3.028136410447,0.00122149794001406,3,3.12929044419909
"832","tauoni","MAB","IS",4,998,3,9.1780799470475e-18,3,3
"833","tauoni","MAB","IS",5,999,3.27795413010588,0.00794549746992651,3,3.7460384519788
"834","tauoni","MAB","MS",1,996,3,9.46314007066028e-18,3,3
"835","tauoni","MAB","MS",2,1000,3.07542695177778,0.0027699507708033,3,3.31049241730405
"836","tauoni","MAB","MS",3,1000,3.22915995760982,0.00512356292745768,3,3.60988085898536
"837","tauoni","MAB","MS",4,949,3,5.59887749335205e-18,3,3
"838","tauoni","MAB","MS",5,999,3.20558214076168,0.00674445298598267,2.85636697201774,3.65314993328731
"839","tauoni","SNE","C",2,1000,3.93438025645887,0.00430790405993696,3.60766544824033,4.16716149978764
"840","tauoni","SNE","C",3,955,3.3046560974667,0.0108819352318393,3,4
"841","tauoni","SNE","C",4,976,3,9.32969936807513e-18,3,3
"842","tauoni","SNE","C",5,848,3,4.65740639848091e-18,3,3
"843","tauoni","SNE","IS",1,673,5,4.38030539660876e-18,5,5
"844","tauoni","SNE","IS",2,998,3.47068586157551,0.00745953193465534,3,4
"845","tauoni","SNE","IS",3,1000,3.86706722269879,0.00473939234825407,3.34851386144805,4.00502724112471
"846","tauoni","SNE","IS",4,865,3,5.8795074363192e-18,3,3
"847","tauoni","SNE","IS",5,1000,3.44852537949712,0.00768103778127431,3.06495039193737,3.93336914564768
"848","ulvsub","GOM","BASIN",1,866,3,6.09274185426629e-18,3,3
"849","ulvsub","GOM","BASIN",2,630,4,0,4,4
"850","ulvsub","GOM","BASIN",4,635,3,6.99904409354001e-19,3,3
"851","ulvsub","GOM","IS",1,1000,3.14233586932519,0.00338619669898298,3.01547257684962,3.41696978149943
"852","ulvsub","GOM","IS",2,1000,3.09137820442922,0.0031752991379652,3,3.38003459213957
"853","ulvsub","GOM","IS",3,995,3,8.14868641686896e-18,3,3
"854","ulvsub","GOM","IS",4,998,2.90547583733045,0.00411142663081787,2.56610481713898,3
"855","ulvsub","GOM","MS",1,977,3.13461997566544,0.00733644264580255,3,4
"856","ulvsub","GOM","MS",2,875,3,6.38320837368249e-18,3,3
"857","ulvsub","GOM","MS",3,984,3.18734281797312,0.00861831921009071,3,3.9238437114552
"858","ulvsub","GOM","MS",4,638,3,7.7571289004658e-18,3,3
"859","ulvsub","SNE","C",1,644,3,3.3096778161113e-18,3,3
"860","ulvsub","SNE","C",2,998,3,9.49648900310003e-18,3,3
"861","ulvsub","SNE","C",3,896,3,5.27161785641176e-18,3,3
"862","ulvsub","SNE","C",4,626,3,5.45342132010668e-18,3,3
"863","ulvsub","SNE","IS",1,993,3,8.80228129702029e-18,3,3
"864","ulvsub","SNE","IS",2,999,3,8.37985266496751e-18,3,3
"865","ulvsub","SNE","IS",3,854,3,8.07746884291561e-18,3,3
"866","ulvsub","SNE","IS",4,624,3,9.09342952178899e-18,3,3
"867","urospp","GB","BANK",1,1000,4.17844036613125,0.00155124388767312,4.09584123140902,4.28819533565225
"868","urospp","GB","BANK",2,1000,4.26544310300455,0.00314815323892097,4.0962225693477,4.47285359928892
"869","urospp","GB","BANK",3,1000,4.01346623729101,0.000170840647246273,4.00607355567729,4.02663079612808
"870","urospp","GB","BANK",4,1000,4.09498240244131,0.000821484100120191,4.05239310200001,4.15536140564133
"871","urospp","GB","BANK",5,1000,4.4777868249606,0.0045943283543071,4.21772068249834,4.75542562683027
"872","urospp","GOM","BASIN",1,1000,4.20333443992974,0.00339653291597158,4.04663445326752,4.44880556733478
"873","urospp","GOM","BASIN",2,998,4.0560289831262,0.00284909626081219,4,4.27658812964401
"874","urospp","GOM","BASIN",3,997,3.86432531087461,0.00557193232372903,3.38522721995654,4
"875","urospp","GOM","BASIN",4,1000,4.22028774163674,0.00342547036920731,4.07300205132184,4.50001916444648
"876","urospp","GOM","BASIN",5,1000,4.03866501126882,0.00216240885527341,4.00216433393274,4.21675925955806
"877","urospp","MAB","MS",1,1000,5.57599191712006,0.00191620323776051,5.45086923768437,5.68320049424513
"878","urospp","MAB","MS",2,1000,5.03933717907742,0.00118914073714204,4.97888718067503,5.12947556532535
"879","urospp","MAB","MS",3,1000,5.5445503455301,0.0021568461632388,5.40429328063251,5.66934693660564
"880","urospp","MAB","MS",4,1000,5.40548131318926,0.00263172191254099,5.23442528744412,5.56728668291338
"881","urospp","MAB","MS",5,1000,5.31033652438899,0.00231644636299228,5.17347993534535,5.46029458942039
"882","urospp","SNE","IS",1,1000,4.88274673083831,0.00306090860666172,4.68372679140232,5.06331487202719
"883","urospp","SNE","IS",2,1000,5.08022212936106,0.00407114234108498,4.81987079872231,5.30710509950587
"884","urospp","SNE","IS",3,1000,4.44628068958853,0.0042802713272345,4.25174352894259,4.79440747323748
"885","urospp","SNE","IS",4,1000,4.95299962938998,0.00395495694019245,4.70858381099852,5.19323366060274
"886","urospp","SNE","IS",5,1000,4.69570968546113,0.00277209475333441,4.53505041132425,4.87181554593056
"887","urospp","SNE","MS",1,1000,4.67521671768956,0.00366037698829565,4.46883774507357,4.94685925689615
"888","urospp","SNE","MS",2,1000,4.72988425865974,0.00497431625587455,4.43126540307273,5.01138092873293
"889","urospp","SNE","MS",3,1000,4.23979960106939,0.00197547920346981,4.13316740131459,4.37837206552808
"890","urospp","SNE","MS",4,1000,4.48918616099205,0.0033393447867272,4.32598768362187,4.75178280594473
"891","urospp","SNE","MS",5,1000,4.62814996367943,0.00204370068653415,4.50961427227581,4.75992978727034
